<?xml version="1.0" encoding="UTF-8"?>
<metadata xml:lang="el"><Esri><CreaDate>20200225</CreaDate><CreaTime>12132200</CreaTime><ArcGISFormat>1.0</ArcGISFormat><SyncOnce>FALSE</SyncOnce><DataProperties><itemProps><itemName Sync="TRUE">TOP_DHM_KOIN</itemName><imsContentType Sync="TRUE">002</imsContentType><itemSize Sync="TRUE">0.000</itemSize><itemLocation><linkage Sync="TRUE">file://\\PC-GIS\C$\Users\gis\Documents\TOP_DHM_KOIN.shp</linkage><protocol Sync="TRUE">Local Area Network</protocol></itemLocation></itemProps><coordRef><type Sync="TRUE">Projected</type><geogcsn Sync="TRUE">GCS_GGRS_1987</geogcsn><csUnits Sync="TRUE">Linear Unit: Meter (1.000000)</csUnits><projcsn Sync="TRUE">Greek_Grid</projcsn><peXml Sync="TRUE">&lt;ProjectedCoordinateSystem xsi:type='typens:ProjectedCoordinateSystem' xmlns:xsi='http://www.w3.org/2001/XMLSchema-instance' xmlns:xs='http://www.w3.org/2001/XMLSchema' xmlns:typens='http://www.esri.com/schemas/ArcGIS/10.6'&gt;&lt;WKT&gt;PROJCS[&amp;quot;Greek_Grid&amp;quot;,GEOGCS[&amp;quot;GCS_GGRS_1987&amp;quot;,DATUM[&amp;quot;D_GGRS_1987&amp;quot;,SPHEROID[&amp;quot;GRS_1980&amp;quot;,6378137.0,298.257222101]],PRIMEM[&amp;quot;Greenwich&amp;quot;,0.0],UNIT[&amp;quot;Degree&amp;quot;,0.0174532925199433]],PROJECTION[&amp;quot;Transverse_Mercator&amp;quot;],PARAMETER[&amp;quot;False_Easting&amp;quot;,500000.0],PARAMETER[&amp;quot;False_Northing&amp;quot;,0.0],PARAMETER[&amp;quot;Central_Meridian&amp;quot;,24.0],PARAMETER[&amp;quot;Scale_Factor&amp;quot;,0.9996],PARAMETER[&amp;quot;Latitude_Of_Origin&amp;quot;,0.0],UNIT[&amp;quot;Meter&amp;quot;,1.0],AUTHORITY[&amp;quot;EPSG&amp;quot;,2100]]&lt;/WKT&gt;&lt;XOrigin&gt;-5120900&lt;/XOrigin&gt;&lt;YOrigin&gt;-9998100&lt;/YOrigin&gt;&lt;XYScale&gt;450445547.3910538&lt;/XYScale&gt;&lt;ZOrigin&gt;-100000&lt;/ZOrigin&gt;&lt;ZScale&gt;10000&lt;/ZScale&gt;&lt;MOrigin&gt;-100000&lt;/MOrigin&gt;&lt;MScale&gt;10000&lt;/MScale&gt;&lt;XYTolerance&gt;0.001&lt;/XYTolerance&gt;&lt;ZTolerance&gt;0.001&lt;/ZTolerance&gt;&lt;MTolerance&gt;0.001&lt;/MTolerance&gt;&lt;HighPrecision&gt;true&lt;/HighPrecision&gt;&lt;WKID&gt;2100&lt;/WKID&gt;&lt;LatestWKID&gt;2100&lt;/LatestWKID&gt;&lt;/ProjectedCoordinateSystem&gt;</peXml></coordRef><lineage><Process ToolSource="c:\program files (x86)\arcgis\desktop10.6\ArcToolbox\Toolboxes\Conversion Tools.tbx\FeatureClassToFeatureClass" Date="20200225" Time="121324">FeatureClassToFeatureClass "D:\BACKUP ALTEC NEW WORK\Τοπικός δίσκος D\610 OIKISMOI 2001\KALLIKRATHS FINAL FINAL.mdb\KALLIKRATHS\TDK_KAL" C:\Users\gis\Documents TOP_DHM_KOIN.shp # "KALCODE "KALCODE" true false false 8 Text 0 0 ,First,#,D:\BACKUP ALTEC NEW WORK\Τοπικός δίσκος D\610 OIKISMOI 2001\KALLIKRATHS FINAL FINAL.mdb\KALLIKRATHS\TDK_KAL,KALCODE,-1,-1;EPIPKAL "EPIPKAL" true false false 2 Short 0 0 ,First,#,D:\BACKUP ALTEC NEW WORK\Τοπικός δίσκος D\610 OIKISMOI 2001\KALLIKRATHS FINAL FINAL.mdb\KALLIKRATHS\TDK_KAL,EPIPKAL,-1,-1;LEKTIKO "LEKTIKO" true false false 100 Text 0 0 ,First,#,D:\BACKUP ALTEC NEW WORK\Τοπικός δίσκος D\610 OIKISMOI 2001\KALLIKRATHS FINAL FINAL.mdb\KALLIKRATHS\TDK_KAL,LEKTIKO,-1,-1;MEGGEO "MEGGEO" true false false 3 Text 0 0 ,First,#,D:\BACKUP ALTEC NEW WORK\Τοπικός δίσκος D\610 OIKISMOI 2001\KALLIKRATHS FINAL FINAL.mdb\KALLIKRATHS\TDK_KAL,MEGGEO,-1,-1;CONTROL "CONTROL" true true false 1 Text 0 0 ,First,#,D:\BACKUP ALTEC NEW WORK\Τοπικός δίσκος D\610 OIKISMOI 2001\KALLIKRATHS FINAL FINAL.mdb\KALLIKRATHS\TDK_KAL,CONTROL,-1,-1;KAL6 "KAL6" true false false 6 Text 0 0 ,First,#,D:\BACKUP ALTEC NEW WORK\Τοπικός δίσκος D\610 OIKISMOI 2001\KALLIKRATHS FINAL FINAL.mdb\KALLIKRATHS\TDK_KAL,KAL6,-1,-1;KAL4 "KAL4" true false false 4 Text 0 0 ,First,#,D:\BACKUP ALTEC NEW WORK\Τοπικός δίσκος D\610 OIKISMOI 2001\KALLIKRATHS FINAL FINAL.mdb\KALLIKRATHS\TDK_KAL,KAL4,-1,-1;KAL3 "KAL3" true false false 3 Text 0 0 ,First,#,D:\BACKUP ALTEC NEW WORK\Τοπικός δίσκος D\610 OIKISMOI 2001\KALLIKRATHS FINAL FINAL.mdb\KALLIKRATHS\TDK_KAL,KAL3,-1,-1;KAL2 "KAL2" true false false 2 Text 0 0 ,First,#,D:\BACKUP ALTEC NEW WORK\Τοπικός δίσκος D\610 OIKISMOI 2001\KALLIKRATHS FINAL FINAL.mdb\KALLIKRATHS\TDK_KAL,KAL2,-1,-1;KAL1 "KAL1" true false false 1 Text 0 0 ,First,#,D:\BACKUP ALTEC NEW WORK\Τοπικός δίσκος D\610 OIKISMOI 2001\KALLIKRATHS FINAL FINAL.mdb\KALLIKRATHS\TDK_KAL,KAL1,-1,-1;SHAPE_Leng "SHAPE_Length" false true true 8 Double 0 0 ,First,#,D:\BACKUP ALTEC NEW WORK\Τοπικός δίσκος D\610 OIKISMOI 2001\KALLIKRATHS FINAL FINAL.mdb\KALLIKRATHS\TDK_KAL,SHAPE_Length,-1,-1;SHAPE_Area "SHAPE_Area" false true true 8 Double 0 0 ,First,#,D:\BACKUP ALTEC NEW WORK\Τοπικός δίσκος D\610 OIKISMOI 2001\KALLIKRATHS FINAL FINAL.mdb\KALLIKRATHS\TDK_KAL,SHAPE_Area,-1,-1" #</Process></lineage></DataProperties><SyncDate>20200225</SyncDate><SyncTime>12132200</SyncTime><ModDate>20200225</ModDate><ModTime>12132200</ModTime></Esri><dataIdInfo><envirDesc Sync="TRUE"> Version 6.2 (Build 9200) ; Esri ArcGIS 10.6.1.9270</envirDesc><dataLang><languageCode value="ell" Sync="TRUE"></languageCode><countryCode value="GRC" Sync="TRUE"></countryCode></dataLang><idCitation><resTitle Sync="TRUE">TOP_DHM_KOIN</resTitle><presForm><PresFormCd value="005" Sync="TRUE"></PresFormCd></presForm></idCitation><spatRpType><SpatRepTypCd value="001" Sync="TRUE"></SpatRepTypCd></spatRpType></dataIdInfo><mdLang><languageCode value="ell" Sync="TRUE"></languageCode><countryCode value="GRC" Sync="TRUE"></countryCode></mdLang><mdChar><CharSetCd value="004" Sync="TRUE"></CharSetCd></mdChar><distInfo><distFormat><formatName Sync="TRUE">Shapefile</formatName></distFormat><distTranOps><transSize Sync="TRUE">0.000</transSize></distTranOps></distInfo><mdHrLv><ScopeCd value="005" Sync="TRUE"></ScopeCd></mdHrLv><mdHrLvName Sync="TRUE">dataset</mdHrLvName><refSysInfo><RefSystem><refSysID><identCode code="2100" Sync="TRUE"></identCode><idCodeSpace Sync="TRUE">EPSG</idCodeSpace><idVersion Sync="TRUE">7.8.2(4.0.0)</idVersion></refSysID></RefSystem></refSysInfo><spatRepInfo><VectSpatRep><geometObjs Name="TOP_DHM_KOIN"><geoObjTyp><GeoObjTypCd value="002" Sync="TRUE"></GeoObjTypCd></geoObjTyp><geoObjCnt Sync="TRUE">0</geoObjCnt></geometObjs><topLvl><TopoLevCd value="001" Sync="TRUE"></TopoLevCd></topLvl></VectSpatRep></spatRepInfo><spdoinfo><ptvctinf><esriterm Name="TOP_DHM_KOIN"><efeatyp Sync="TRUE">Simple</efeatyp><efeageom code="4" Sync="TRUE"></efeageom><esritopo Sync="TRUE">FALSE</esritopo><efeacnt Sync="TRUE">0</efeacnt><spindex Sync="TRUE">FALSE</spindex><linrefer Sync="TRUE">FALSE</linrefer></esriterm></ptvctinf></spdoinfo><eainfo><detailed Name="TOP_DHM_KOIN"><enttyp><enttypl Sync="TRUE">TOP_DHM_KOIN</enttypl><enttypt Sync="TRUE">Feature Class</enttypt><enttypc Sync="TRUE">0</enttypc></enttyp><attr><attrlabl Sync="TRUE">FID</attrlabl><attalias Sync="TRUE">FID</attalias><attrtype Sync="TRUE">OID</attrtype><attwidth Sync="TRUE">4</attwidth><atprecis Sync="TRUE">0</atprecis><attscale Sync="TRUE">0</attscale><attrdef Sync="TRUE">Internal feature number.</attrdef><attrdefs Sync="TRUE">Esri</attrdefs><attrdomv><udom Sync="TRUE">Sequential unique whole numbers that are automatically generated.</udom></attrdomv></attr><attr><attrlabl Sync="TRUE">Shape</attrlabl><attalias Sync="TRUE">Shape</attalias><attrtype Sync="TRUE">Geometry</attrtype><attwidth Sync="TRUE">0</attwidth><atprecis Sync="TRUE">0</atprecis><attscale Sync="TRUE">0</attscale><attrdef Sync="TRUE">Feature geometry.</attrdef><attrdefs Sync="TRUE">Esri</attrdefs><attrdomv><udom Sync="TRUE">Coordinates defining the features.</udom></attrdomv></attr><attr><attrlabl Sync="TRUE">KALCODE</attrlabl><attalias Sync="TRUE">KALCODE</attalias><attrtype Sync="TRUE">String</attrtype><attwidth Sync="TRUE">8</attwidth><atprecis Sync="TRUE">0</atprecis><attscale Sync="TRUE">0</attscale></attr><attr><attrlabl Sync="TRUE">EPIPKAL</attrlabl><attalias Sync="TRUE">EPIPKAL</attalias><attrtype Sync="TRUE">Integer</attrtype><attwidth Sync="TRUE">5</attwidth><atprecis Sync="TRUE">5</atprecis><attscale Sync="TRUE">0</attscale></attr><attr><attrlabl Sync="TRUE">LEKTIKO</attrlabl><attalias Sync="TRUE">LEKTIKO</attalias><attrtype Sync="TRUE">String</attrtype><attwidth Sync="TRUE">100</attwidth><atprecis Sync="TRUE">0</atprecis><attscale Sync="TRUE">0</attscale></attr><attr><attrlabl Sync="TRUE">MEGGEO</attrlabl><attalias Sync="TRUE">MEGGEO</attalias><attrtype Sync="TRUE">String</attrtype><attwidth Sync="TRUE">3</attwidth><atprecis Sync="TRUE">0</atprecis><attscale Sync="TRUE">0</attscale></attr><attr><attrlabl Sync="TRUE">CONTROL</attrlabl><attalias Sync="TRUE">CONTROL</attalias><attrtype Sync="TRUE">String</attrtype><attwidth Sync="TRUE">1</attwidth><atprecis Sync="TRUE">0</atprecis><attscale Sync="TRUE">0</attscale></attr><attr><attrlabl Sync="TRUE">KAL6</attrlabl><attalias Sync="TRUE">KAL6</attalias><attrtype Sync="TRUE">String</attrtype><attwidth Sync="TRUE">6</attwidth><atprecis Sync="TRUE">0</atprecis><attscale Sync="TRUE">0</attscale></attr><attr><attrlabl Sync="TRUE">KAL4</attrlabl><attalias Sync="TRUE">KAL4</attalias><attrtype Sync="TRUE">String</attrtype><attwidth Sync="TRUE">4</attwidth><atprecis Sync="TRUE">0</atprecis><attscale Sync="TRUE">0</attscale></attr><attr><attrlabl Sync="TRUE">KAL3</attrlabl><attalias Sync="TRUE">KAL3</attalias><attrtype Sync="TRUE">String</attrtype><attwidth Sync="TRUE">3</attwidth><atprecis Sync="TRUE">0</atprecis><attscale Sync="TRUE">0</attscale></attr><attr><attrlabl Sync="TRUE">KAL2</attrlabl><attalias Sync="TRUE">KAL2</attalias><attrtype Sync="TRUE">String</attrtype><attwidth Sync="TRUE">2</attwidth><atprecis Sync="TRUE">0</atprecis><attscale Sync="TRUE">0</attscale></attr><attr><attrlabl Sync="TRUE">KAL1</attrlabl><attalias Sync="TRUE">KAL1</attalias><attrtype Sync="TRUE">String</attrtype><attwidth Sync="TRUE">1</attwidth><atprecis Sync="TRUE">0</atprecis><attscale Sync="TRUE">0</attscale></attr><attr><attrlabl Sync="TRUE">SHAPE_Leng</attrlabl><attalias Sync="TRUE">SHAPE_Leng</attalias><attrtype Sync="TRUE">Double</attrtype><attwidth Sync="TRUE">19</attwidth><atprecis Sync="TRUE">0</atprecis><attscale Sync="TRUE">0</attscale></attr><attr><attrlabl Sync="TRUE">SHAPE_Area</attrlabl><attalias Sync="TRUE">SHAPE_Area</attalias><attrtype Sync="TRUE">Double</attrtype><attwidth Sync="TRUE">19</attwidth><atprecis Sync="TRUE">0</atprecis><attscale Sync="TRUE">0</attscale><attrdef Sync="TRUE">Area of feature in internal units squared.</attrdef><attrdefs Sync="TRUE">Esri</attrdefs><attrdomv><udom Sync="TRUE">Positive real numbers that are automatically generated.</udom></attrdomv></attr></detailed></eainfo><mdDateSt Sync="TRUE">20200225</mdDateSt></metadata>
