,KALCODE,Result,Average_Fuel_Price
0,01010101,"[2, 0, 2, 0, 0, 2, 2, 2, 1]",1.3491484847777202
1,01010102,"[1, 0, 2, 0]",1.3089779053084647
2,01010104,"[1, 2, 0, 0, 0]",1.2803114698909435
3,01010106,"[0, 1, 2]",1.3476219202377528
4,01010107,"[2, 0, 1]",1.3691012700217988
5,01010109,"[2, 1, 0, 1]",1.4019572446555817
6,01010112,[0],1.5279997184684684
7,01010201,"[1, 1, 1, 0, 1, 1, 1, 2]",1.3612973081653892
8,01010205,"[1, 2, 1, 0, 1]",1.4597399883500801
9,01010207,"[0, 1, 2, 0]",1.3544052863436125
10,01010209,"[2, 0, 0, 1]",1.3443577746077033
11,01010210,"[0, 1]",1.2109173878835562
12,01010303,"[1, 2, 2, 0]",1.340024034334764
13,01010304,"[0, 1, 2, 0, 0]",1.3276598188288582
14,01020101,"[0, 1, 0, 0, 2]",1.363596921322691
15,01020102,"[1, 0]",1.32850139275766
16,01020104,"[0, 1, 2, 1]",1.3509744374821988
17,01020117,"[0, 2, 0, 0, 1, 0]",1.2174870075440067
18,01020201,"[0, 2, 1, 0, 1]",1.3652433500964671
19,01020202,"[1, 0]",1.3538364833906071
20,01020204,"[2, 1, 0, 1, 1]",1.3454437962435968
21,01020207,"[0, 0, 1, 2, 0]",1.3444142051429118
22,01020208,"[1, 1, 2, 0]",1.368587407617965
23,01020209,"[0, 2, 0, 2, 2, 1, 2, 2]",1.396601685660019
24,01020213,"[2, 1, 0]",1.3582709106480158
25,01030101,"[0, 1, 1, 0, 0, 2]",1.3496084439197042
26,01030102,"[1, 0, 0, 1, 1, 1, 2]",1.529830014124294
27,01030301,"[2, 2, 0, 0, 1, 1]",1.3217657781862746
28,01030302,"[0, 0, 2, 1]",1.3327605042016806
29,01030305,"[1, 2, 1, 0, 1]",1.1682129485179407
30,01030306,"[0, 0, 0, 2, 1]",1.3441001150747989
31,01030307,"[2, 0, 0, 1]",1.2094460317460318
32,01040101,"[1, 2, 1, 0, 1, 1, 2]",1.3029416428978893
33,01040103,"[0, 0, 2, 0, 1]",1.2541782766589633
34,01040201,"[1, 2, 0]",1.289760076775432
35,01040202,"[1, 0, 0, 2, 0, 0, 0, 0]",1.2713719055843407
36,01040203,"[1, 1, 0, 2]",1.3722020547945206
37,01040204,"[0, 1]",1.3210423850574715
38,01040205,"[0, 1, 2, 0]",1.3575322580645166
39,01040207,"[1, 1, 1, 2, 0]",1.359207869974337
40,02010101,"[1, 2, 0, 0]",1.3367203666573175
41,02010104,"[0, 0, 1, 0, 2, 0]",1.2623146678424457
42,02010112,"[2, 1, 0]",1.3379786154575628
43,02010113,"[0, 0, 1, 0, 2, 2, 0]",1.3429354890092386
44,02020101,"[2, 2, 0, 2, 0, 1]",1.3364284090909093
45,02020105,"[2, 2, 0, 1]",1.3144987682395302
46,02020201,"[0, 0, 0, 0, 2, 1]",1.307479092382496
47,02020202,"[1, 1, 1, 0, 2]",1.331368664994162
48,02020204,"[0, 0, 0, 1, 0, 0, 2, 2]",1.3444965662593542
49,02020205,"[2, 0, 1]",1.3207435055666572
50,02030001,"[0, 1]",1.3862451023391813
51,02030015,"[0, 1]",1.3582982954545455
52,02040103,"[1, 2, 0]",1.2333560606060605
53,02040202,"[1, 1, 2, 0]",1.473066783831283
54,02040204,[0],1.2719849056603774
55,02050101,"[1, 0, 2]",1.353319198973774
56,02050104,"[1, 0]",1.2685944700460827
57,02050109,"[2, 0, 0, 1]",1.34507724293122
58,02050201,"[0, 0, 2, 1]",1.3081774566473987
59,02050202,"[1, 0]",1.3136264457717104
60,02050203,"[2, 0, 0, 1]",1.3525574859963923
61,03010101,"[1, 2, 0]",1.3584825704332322
62,03010102,"[1, 2, 0]",1.410582113441798
63,03010103,"[2, 1, 0, 1]",1.4689999999999999
64,03010105,"[0, 1]",1.298394965277778
65,03010301,"[0, 1, 2]",1.3607299629103535
66,03010302,"[2, 0, 1]",1.37182008169469
67,03010305,"[2, 0, 2, 2, 1]",1.373729291204099
68,03020101,"[1, 0, 2]",1.3809346832482992
69,03020104,"[0, 0, 2, 0, 0, 1]",1.3625695730068677
70,03020114,[0],1.3652196581196583
71,03020115,"[0, 1, 2]",1.3676288664745435
72,03020201,"[1, 0]",1.3600757069017941
73,03020205,"[1, 0]",1.397516514806378
74,03020208,"[0, 1]",1.4264889705882353
75,03030101,"[0, 2, 1, 2]",1.3732030289818435
76,03030104,"[2, 0, 1]",1.394065738372644
77,03030105,"[2, 1, 0]",1.4484035801464608
78,03030107,"[2, 1, 0]",1.232168498168498
79,03030201,"[2, 0, 1]",1.3918748932536293
80,03030203,"[1, 0, 2]",1.3711108582266476
81,03030204,"[2, 0, 0, 1]",1.3716906695156699
82,03030301,"[1, 2, 0]",1.4153615384615386
83,03030304,"[0, 1, 0, 0, 0, 2, 0]",1.409299885812161
84,03030401,"[2, 0, 0, 1]",1.3965180891417732
85,03030402,"[0, 1, 2, 1]",1.376851482326112
86,03030403,"[0, 0, 1, 2]",1.3220848516397712
87,03030405,"[1, 0, 0, 2, 0]",1.395781054131054
88,03030409,"[2, 1, 0, 0, 1]",1.3971044222539228
89,03030412,"[0, 2, 1]",1.330465432770822
90,03040000,[0],1.5385915855752719
91,03050101,"[0, 2, 1]",1.4084423055082338
92,03050103,"[1, 0]",1.3674150861253076
93,03050201,"[0, 1]",1.4636352773826458
94,03050202,"[1, 2, 0]",1.3011869273060475
95,03050206,"[1, 0]",1.3988731873756042
96,03050301,"[2, 1, 0]",1.3743281092171715
97,03050303,"[0, 1]",1.3177364270548981
98,03050304,"[0, 2, 0, 1]",1.3660171135196804
99,04010001,"[1, 2, 0]",1.420449333522405
100,04010002,"[0, 1]",1.4266544556566234
101,04010003,[0],1.4655170988885722
102,04010004,"[1, 2, 0]",1.4516166493104865
103,04010008,"[0, 1, 2, 0]",1.3741778179626283
104,04010009,"[1, 0, 2]",1.4167781883646013
105,05010101,"[0, 1, 2, 2, 2]",1.345585321819528
106,05010102,"[0, 1]",1.3058820863286669
107,05010201,"[1, 2, 2, 1, 0]",1.3384755097202465
108,05010203,"[2, 1, 0, 1]",1.3470358361774744
109,05010205,"[2, 2, 1, 0, 1]",1.3597686458028664
110,05010208,"[1, 0, 1, 2]",1.4453012254203477
111,05010210,"[1, 2, 1, 0, 0]",1.3383415471737323
112,05010211,"[0, 1, 0, 0, 0, 2]",1.3249411373777653
113,05020101,"[0, 2, 1, 2, 2]",1.3823256862300246
114,05020104,"[2, 1, 1, 0]",1.2173613603473226
115,05020106,"[0, 0, 2, 1, 0]",1.376201329534663
116,05020110,"[2, 2, 1, 0, 2]",1.3304642145702903
117,05020111,"[0, 2, 1]",1.3615455644014784
118,05020112,"[2, 1, 0, 2]",1.3485314188228603
119,05020113,"[1, 0, 2]",1.3487163817663816
120,05020201,"[0, 1]",1.3560005683432792
121,05030101,"[1, 1, 1, 1, 0, 1, 2]",1.3465269656084655
122,05030102,"[1, 2, 0, 1, 1]",1.329249180911681
123,05030103,"[0, 1, 2]",1.409568059107701
124,05030105,"[1, 0, 1, 0, 1, 1, 2]",1.3512824428684003
125,05030201,"[2, 0, 1, 1]",1.33283031751451
126,05030203,"[0, 1, 2]",1.378520656078654
127,05030204,"[0, 1, 2, 2]",1.3288309514795886
128,05030206,"[0, 1, 2, 0, 0]",1.3227451622083097
129,05030301,"[2, 0, 1, 0]",1.1861282633371166
130,05030302,"[2, 1, 0]",1.3437787939411259
131,05030304,"[1, 0, 2]",1.2378210562890897
132,05030305,"[2, 0, 0, 1, 0, 0]",1.4005903869407497
133,05030401,"[2, 1, 0, 0, 1, 0]",1.3558924302788844
134,05030402,"[2, 1, 1, 0, 1]",1.3620497269330267
135,05030403,"[2, 0, 1, 0, 0]",1.3653477477477478
136,05030501,"[2, 1, 0, 0, 0, 0]",1.366938596491228
137,05030503,"[2, 1, 1, 0]",1.3239343108504398
138,05030507,"[0, 2, 0, 0, 1]",1.3367025243832473
139,06010101,"[1, 0, 2]",1.3565241983064162
140,06010103,"[1, 0, 0, 2]",1.3396756679931778
141,06010201,"[1, 0]",1.4062869606448554
142,06010206,"[1, 0]",1.2423646993318487
143,06020101,"[0, 1, 0, 2]",1.3306145637520173
144,06020102,"[1, 0, 2, 0, 0]",1.2911468177948062
145,06020104,"[0, 0, 1, 0, 2]",1.3489999999999998
146,06020201,"[0, 2, 1, 0]",1.3558557925281634
147,06020204,"[0, 2, 1]",1.3383594509579642
148,06030102,[0],1.299935314751612
149,06040001,"[2, 1, 2, 2, 0, 2, 2]",1.3167193078453667
150,06040002,"[0, 1, 0, 0, 2]",1.295720285905527
151,06040004,"[0, 2, 0, 0, 0, 1, 0]",1.338623156551333
152,06040005,"[0, 1, 0, 0, 2]",1.3583128380301739
153,06040006,"[0, 2, 0, 0, 1]",1.36390843767786
154,06040008,"[1, 2, 0]",1.386734646005118
155,07010100,"[2, 2, 2, 1, 2, 2, 0, 0]",1.3406482778530528
156,07020101,"[0, 1, 0, 2, 2, 0]",1.3520541173086742
157,07020201,"[1, 0, 1, 1, 1, 1, 2]",1.3515857809480332
158,07030101,"[0, 1, 2]",1.3932398308561331
159,07030103,"[2, 0, 1, 2, 2, 2, 2]",1.5014035278669755
160,07030201,"[1, 0, 2]",1.415911697574893
161,07030202,"[0, 2, 0, 0, 1]",1.3874744791666667
162,07030301,"[0, 1, 2, 1, 1, 1]",1.3158531057373164
163,07030302,"[2, 1, 0]",1.2400171517671519
164,07030305,"[0, 1]",1.3153957561948162
165,07030401,"[0, 2, 2, 1]",1.342157579217813
166,07030403,"[1, 0, 2]",1.4443319838056676
167,07030501,"[1, 0, 1, 1, 1, 1, 2]",1.3120619494174481
168,07030503,"[0, 1, 2]",1.305289772727273
169,07030601,"[1, 2, 0]",1.342018218047253
170,07040101,"[2, 1, 0, 2, 2, 2, 2]",1.3502694775087034
171,07040102,"[0, 1, 1, 2, 1, 2]",1.320373825728961
172,07040103,"[0, 2, 1, 1, 1]",1.4032773255813955
173,07040104,"[2, 0, 0, 0, 0, 0, 1]",1.3240412772107235
174,07040201,"[0, 1, 2, 1]",1.3154812452758882
175,07040202,"[2, 2, 0, 1]",1.3245236739728625
176,07040203,"[1, 2, 0, 2]",1.3153408424821755
177,07040301,"[0, 0, 0, 0, 0, 2, 1, 0, 0]",1.3281475816728583
178,07040302,"[2, 2, 1, 2, 0]",1.3609045424069728
179,07050101,"[1, 1, 1, 0, 2, 1]",1.3195317890314893
180,07050102,"[0, 0, 2, 1, 0]",1.3216775664679725
181,07050103,"[1, 2, 1, 0, 1]",1.3825642750197007
182,07050201,"[2, 2, 2, 2, 2, 2, 2, 0, 2, 1, 2]",1.3265279577020204
183,07050202,"[2, 0, 2, 0, 1]",1.3267662873399715
184,07050301,"[0, 0, 2, 0, 1]",1.3297543033915642
185,07050302,"[1, 0]",1.206632575757576
186,07050303,"[2, 2, 0, 1, 2]",1.4907305315203958
187,07060101,"[0, 2, 0, 0, 1, 0, 0, 0]",1.3285480343096763
188,07060102,"[0, 1, 2, 0, 0]",1.324150527186761
189,07060103,"[0, 2, 0, 0, 1, 0, 0, 0]",1.3198692909211398
190,07060104,"[0, 0, 1, 0, 2, 0, 0, 0, 0]",1.3380761289153589
191,07060201,"[1, 0, 0, 2, 1, 0, 0]",1.3330230413437743
192,07060202,"[2, 1, 2, 0, 2, 2]",1.368939615736505
193,07060203,"[0, 0, 0, 0, 1, 0, 2, 0, 0]",1.3466026011560692
194,07060206,"[0, 2, 1, 1]",1.308003560239248
195,07060301,"[0, 0, 0, 0, 2, 0, 0, 1, 0, 0]",1.331831800277305
196,07060302,"[2, 0, 1, 2, 2]",1.3132393058918481
197,07060303,"[1, 1, 1, 1, 2, 1, 0]",1.3305591574047688
198,07060304,"[1, 1, 0, 2]",1.1552814021421616
199,07070000,"[1, 0, 2]",1.3433039841602825
200,07080101,"[2, 0, 0, 2, 1, 1]",1.3420383548438304
201,07090101,"[1, 2, 0, 0, 0, 0, 0]",1.3216218723404254
202,07090103,"[0, 2, 1, 2, 2]",1.3275753268902786
203,07090104,"[1, 0, 0, 0, 2, 0, 0, 0]",1.3198816960060573
204,07090105,"[2, 0, 1, 1, 1]",1.3129977227440932
205,07090106,"[1, 0, 0, 2, 0, 0]",1.3186954972926759
206,07090107,"[1, 1, 2, 0, 1, 1, 1]",1.321599894067479
207,07090201,"[2, 2, 1, 1, 0]",1.3066329212844559
208,07090202,"[1, 0, 1, 2]",1.3291874168092794
209,07090401,"[1, 0]",1.3208813258360461
210,07090501,"[1, 0]",1.2643150256118383
211,07090502,"[0, 2, 1, 0, 0, 0, 0]",1.3303386366455774
212,07090504,"[0, 0, 2, 1, 2]",1.2370075621230778
213,07090601,"[0, 1]",1.378943969979296
214,07090701,"[1, 1, 1, 1, 0, 2]",1.3412966808914177
215,07090702,"[2, 1, 2, 2, 2, 0]",1.3297159220261812
216,07100101,"[0, 0, 2, 0, 0, 0, 1]",1.3363664869763905
217,07100201,"[1, 2, 0, 2]",1.363692533748702
218,07100301,"[1, 2, 1, 1, 1, 0]",1.3263530247088895
219,07110101,"[1, 0, 2, 2, 0]",1.3529695190554178
220,07110301,"[2, 2, 2, 0, 1]",1.3353738183195984
221,07120101,"[1, 0, 1, 2, 1]",1.327397590124157
222,07120201,"[2, 0, 0, 1, 0, 0, 0]",1.3378078977242966
223,07120301,"[0, 0, 0, 2, 1, 0, 0, 0, 2, 0]",1.3369655778219947
224,07120302,"[0, 1]",1.2515226320201174
225,07120303,"[2, 2, 2, 1, 0, 0]",1.4649728096676737
226,07120304,"[0, 0, 0, 2, 1, 0]",1.3233254260781904
227,07130101,"[1, 2, 1, 0, 1, 1, 1, 1, 1]",1.3515410623126165
228,07130102,"[0, 2, 0, 0, 1, 0, 0]",1.3796400911161733
229,07130201,"[2, 0, 0, 0, 1, 0]",1.3123299296690305
230,07130203,"[1, 1, 2, 1, 1, 0, 1]",1.335583214726255
231,07130204,"[0, 0, 2, 0, 1]",1.335913573354143
232,07130205,"[0, 1, 0, 2]",1.2221250000000001
233,07130301,"[0, 1, 2, 0]",1.3273434215568267
234,07130302,"[1, 2, 0, 0, 2, 2]",1.3482487226795346
235,07130305,"[2, 0, 0, 1, 0, 0, 0]",1.3639489621836793
236,07140101,"[0, 2, 0, 0, 1]",1.3283694007074969
237,07140201,"[1, 1, 0, 2]",1.3223086253369274
238,07140204,"[0, 0, 0, 0, 0, 1, 2]",1.309736229347963
239,07140301,"[2, 0, 0, 1, 0]",1.3377468873128446
240,07140302,"[1, 1, 1, 0, 1, 1, 2, 1, 1]",1.3179294173891907
241,07140303,"[1, 1, 0, 2, 1]",1.2991086368810474
242,08010101,"[2, 0, 1, 0, 0, 0]",1.34324478068096
243,08010102,"[0, 1]",1.362313585872971
244,08010111,"[1, 0]",1.3676300366300367
245,08010201,"[0, 1, 1, 1, 2, 1]",1.3383785743588357
246,08010202,"[0, 1, 0, 0, 2, 0]",1.3376427919708027
247,08010203,"[0, 2, 1, 2]",1.3430505601838552
248,08010401,"[1, 2, 1, 0]",1.309532788051209
249,08010501,[0],1.3881763477600606
250,08020101,"[2, 1, 0, 0, 1, 0, 0, 0, 0, 0, 0, 0]",1.336751723902125
251,08020102,"[2, 0, 2, 1]",1.3278028432207396
252,08020103,"[1, 0, 1, 2, 1]",1.330760122341975
253,08020106,"[1, 2, 1, 0, 1, 1]",1.3238833333333335
254,08020201,"[1, 0, 0, 2]",1.2699247187770406
255,08020203,"[0, 1]",1.2410122089721747
256,08020205,"[0, 1, 1, 2, 1, 1]",1.2196686609686611
257,08020206,"[1, 0, 2, 0, 0, 0]",1.3022238232468781
258,08020301,"[1, 2, 1, 0]",1.3209157894736843
259,08020302,"[0, 2, 1]",1.650877906976744
260,08020303,"[0, 0, 1, 2, 0]",1.6562237380627554
261,08020304,"[1, 0]",1.3431226272973789
262,08020401,"[2, 2, 1, 0, 2]",1.3031059673726388
263,08020402,"[0, 1, 0, 2, 0]",1.1708980929678188
264,08020403,"[0, 2, 1, 0, 1, 1]",1.2850829062262716
265,08020404,"[2, 0, 1]",1.3100878839590444
266,08020405,"[1, 1, 0, 1, 2]",1.5743722627737229
267,08030101,"[0, 2, 0, 0, 0, 0, 1]",1.3452305800474749
268,08030104,"[0, 2, 1]",1.1973999999999998
269,08030105,"[1, 2, 0]",1.3304227642276423
270,08030201,"[2, 0, 1, 1]",1.3278146190476192
271,08030202,"[0, 0, 1, 2, 0]",1.3792247191011233
272,08030203,"[1, 1, 1, 0, 2]",1.3000532739804709
273,08030204,"[0, 2, 0, 0, 1, 0]",1.2484927023440955
274,08030205,"[1, 0, 2, 0, 0]",1.3365613948919453
275,08030301,"[1, 0, 2, 0]",1.3328159623411118
276,08030302,"[0, 0, 1, 0, 0, 0, 2, 0, 0]",1.2464257786613653
277,08030303,"[2, 2, 1, 0, 2]",1.3547405297636004
278,09010101,"[1, 2, 2, 2, 0, 2]",1.358622329444182
279,09010106,"[2, 0, 1]",1.3211200047348484
280,09010109,"[0, 0, 2, 1]",1.3628777285292155
281,09010110,[0],1.2421280276816609
282,09010201,"[1, 0, 2]",1.341751773049645
283,09010202,"[1, 2, 0]",1.3268304458960525
284,09010204,"[0, 1, 2, 0]",1.3609581320450883
285,09010205,"[0, 1, 0, 2]",1.2316819407008086
286,09010301,"[1, 0]",1.3584501230361534
287,09010408,[0],1.3627507571455613
288,09010409,"[1, 0]",1.3471051491477273
289,09010410,"[1, 0]",1.3484193548387096
290,09010415,[0],1.305882644628099
291,09010501,[0],1.3379531545592134
292,09010601,"[1, 2, 0]",1.3463254555808657
293,09010604,"[1, 1, 0, 2]",1.2468334281650073
294,09010605,"[0, 1, 2, 1]",1.253793230944255
295,09010607,"[1, 0, 2, 1, 1]",1.3217677725118484
296,09010701,"[2, 0, 1]",1.2517171215880893
297,09020101,"[1, 0, 0, 0, 2]",1.3711475633884065
298,09020103,"[0, 0, 2, 0, 1, 0]",1.3394363274587835
299,09020106,"[2, 0, 1]",1.2502936288088644
300,09020108,"[2, 1, 0, 0]",1.3762980769230775
301,09020110,"[0, 0, 2, 1]",1.3624676527176527
302,09020201,"[2, 0, 1, 0, 0, 0]",1.3053574100378789
303,09020202,"[0, 1]",1.3216333996777554
304,09020301,"[1, 0]",1.3890751801289343
305,09020401,"[0, 0, 2, 1]",1.3258426399545327
306,09020402,"[1, 2, 0, 0, 0, 2]",1.3379281128747795
307,10010101,"[1, 2, 0, 0, 0, 0]",1.3635980237554726
308,10010102,"[2, 0, 1, 1, 1]",1.3835516043035325
309,10010103,"[2, 1, 0, 0, 1]",1.2505458883994127
310,10010106,"[2, 1, 0, 0, 1]",1.3511724530449631
311,10010107,"[1, 2, 0]",1.3522719108082997
312,10010108,"[0, 0, 2, 1]",1.359258222127579
313,10010201,"[0, 2, 0, 0, 1, 2]",1.3551126363205312
314,10010202,"[0, 0, 1, 2]",1.8561814814814814
315,10010204,"[0, 1, 0, 2, 1]",1.6055555555555563
316,10020101,"[2, 0, 1]",1.3327640287782725
317,10020102,"[2, 0, 1, 0]",1.2397824302134646
318,10020103,"[1, 2, 2, 1, 0, 1, 1]",1.339974893314367
319,10020104,"[0, 1, 0, 0, 2, 1]",1.2985105566218809
320,10020105,"[0, 2, 1, 0]",1.4544040404040404
321,10020106,"[0, 0, 1, 2, 1]",1.1810535966149507
322,10020107,"[1, 0, 2]",1.34776463356974
323,10020109,"[2, 0, 1]",1.225292
324,10020110,"[1, 0, 2, 1]",1.3646424311275205
325,10020113,"[2, 0, 2, 1]",1.4101622562674094
326,10020114,"[1, 1, 2, 0]",1.3157964174011942
327,10020201,"[1, 1, 2, 0]",1.365874180678256
328,10020206,[0],1.3722990762124712
329,10020211,"[0, 1]",1.343872093023256
330,10030101,"[1, 2, 1, 1, 1, 1, 1, 1, 0]",1.3276215715640776
331,10030102,"[2, 1, 0]",1.3358985361653273
332,10030201,"[0, 1, 0, 1, 0, 0, 0, 2, 0, 0]",1.3255538922155687
333,10030202,"[1, 0, 0, 2]",1.336120625889047
334,10030203,"[2, 0, 0, 0, 0, 1]",1.498719024390244
335,10030204,"[2, 0, 0, 0, 0, 0, 1, 0]",1.3399351720216093
336,10030301,"[1, 1, 2, 0]",1.7345043859649123
337,10030303,"[2, 0, 1, 0]",1.130916216216216
338,10030401,"[2, 0, 0, 0, 1, 0, 1]",1.8010105263157892
339,10030404,"[0, 2, 0, 0, 1]",1.3302063945189837
340,10030406,"[0, 1, 1, 0, 2, 1]",1.7435350318471339
341,10030407,"[2, 1, 0, 0]",1.3439657716842808
342,10030501,"[2, 0, 1, 0, 2, 2]",1.3597351181999433
343,10030503,"[0, 1, 2, 1, 1]",1.3324582296612855
344,10030504,"[1, 0, 0, 2]",1.3524375000000002
345,10030505,"[0, 2, 1, 0, 0]",1.3879881591432832
346,10040101,"[1, 0, 0, 2, 0]",1.3468684561203124
347,10040102,"[0, 1, 2, 0]",1.3245288461538463
348,10040104,"[0, 1, 2, 0, 0]",1.3861147719044173
349,10040105,"[0, 0, 2, 1, 0]",1.357252796901893
350,10040106,"[0, 1, 1, 2, 1]",1.3638351867693186
351,10040108,"[1, 1, 2, 0]",1.616374700854701
352,10040110,"[1, 2, 0, 0]",1.4509932432432433
353,10040111,"[0, 1, 1, 2, 1]",1.342134845038385
354,10040201,"[0, 0, 2, 0, 1, 0, 0]",1.2787545307903976
355,10040205,"[1, 0]",1.3354175428625559
356,10040206,"[1, 0, 0, 2]",1.6172256473489521
357,11010101,"[0, 0, 2, 0, 1, 0, 0]",1.347770106856367
358,11010201,"[0, 1, 2, 1]",1.3696881331403763
359,11010204,"[0, 2, 0, 1]",1.367682634730539
360,11010206,"[2, 1, 0]",1.2449620588235295
361,11010208,"[2, 0, 1, 0, 1]",1.3158877202956227
362,11010301,"[0, 2, 1]",1.351068860198649
363,11010401,"[0, 1, 2]",1.2652640278174716
364,11010403,"[0, 2, 1]",1.3245856520916148
365,11010501,"[2, 0, 1, 2, 2, 0, 0]",1.5108580803937652
366,11010502,"[1, 0]",1.394034518828452
367,11010503,"[2, 2, 0, 1, 0]",1.4422575524833587
368,11010504,"[2, 0, 1, 2, 0]",1.2830759753593428
369,11010601,"[1, 2, 0, 0, 1]",1.2800342577487767
370,11020101,"[0, 0, 0, 2, 1]",1.3468351836104813
371,11020201,"[0, 1, 2]",1.3494063735224588
372,11020202,"[1, 2, 0]",1.4021828748547076
373,11020203,"[2, 0, 1]",1.379713413669861
374,11020205,"[2, 1, 1, 0]",1.3288008744415931
375,11020301,"[0, 2, 0, 0, 2, 1]",1.3023131686074034
376,11020302,"[0, 1, 2, 0]",1.8070661322645294
377,11020303,"[0, 0, 0, 1, 0, 0, 2]",1.3339125605240674
378,11020304,"[0, 2, 0, 0, 1]",1.4256386055386694
379,11020305,"[0, 2, 2, 1]",1.3561434698132877
380,11020306,"[0, 0, 0, 0, 2, 0, 0, 1]",1.3106277565421933
381,11030101,"[0, 2, 0, 1]",1.3291562123077894
382,11030201,"[2, 1, 0, 2, 1]",1.3552377727258378
383,11030301,"[1, 1, 0, 2]",1.2979076760350559
384,11030304,"[2, 0, 1]",1.2834677255829672
385,11030401,"[2, 0, 2, 2, 1]",1.351482551143201
386,11030402,"[2, 2, 1, 0]",1.2853179434896593
387,11030403,"[1, 0, 0, 1, 2, 0]",1.426558641975309
388,11030404,"[1, 1, 1, 1, 0, 2, 1]",1.1268121911037894
389,12010101,"[2, 1, 2, 2, 0, 2]",1.3328578778227864
390,12010401,"[0, 0, 2, 1, 0]",1.3372392205638475
391,12010402,"[0, 0, 0, 1, 2]",1.3868878132118452
392,12010601,"[0, 0, 2, 0, 1, 0]",1.2982592123168455
393,12010605,"[2, 1, 0, 1, 0, 1]",1.683008230452675
394,12010606,"[1, 0, 1, 2]",1.75993006993007
395,12010609,"[1, 0, 2]",1.2745508112724167
396,12020101,"[2, 0, 1, 0, 1]",1.4606709796672828
397,12020103,"[0, 2, 1]",1.37348943491325
398,12020202,"[0, 1, 2, 0]",1.3262210792659856
399,12020203,"[2, 1, 0, 2]",1.346744879089616
400,12020204,"[2, 1, 0, 0]",1.4369732610143688
401,12020301,"[0, 1]",1.448947639083684
402,12020303,"[0, 1, 0, 2]",1.427945856873823
403,12020401,"[2, 0, 1, 2, 0]",1.4328615311909263
404,12030101,"[1, 0, 0, 2, 0, 2, 0]",1.3416474936097698
405,12030104,"[0, 0, 2, 0, 1]",1.1539741200828157
406,12030202,"[2, 0, 2, 1]",1.3113307032508768
407,12030206,"[1, 0]",1.4130265780730897
408,12030301,"[0, 1, 2, 0]",1.3684740518962077
409,12030302,"[2, 1, 0, 1, 0]",1.2803796349115804
410,12030303,"[1, 0, 2]",1.3534172867773324
411,12030307,"[0, 1, 2, 2]",1.3351074686431015
412,12030308,"[0, 1, 2, 0]",1.239147
413,12030401,"[1, 0, 0, 0, 0, 0, 2]",1.2047638668779717
414,12030405,"[1, 0, 0, 0, 2]",1.2957127780946949
415,12030407,"[0, 1, 2]",1.3126021102252594
416,12040101,"[2, 1, 0, 0]",1.3229484053644207
417,12040103,"[2, 0, 1]",1.490590643274854
418,12040106,"[0, 1, 2]",1.316602004549332
419,12040107,"[1, 2, 0]",1.3186011459239921
420,12040108,"[2, 2, 0, 0, 1]",1.4001158580738597
421,12040201,"[1, 2, 0, 0]",1.3068797748004564
422,12040202,"[1, 2, 0, 1, 1]",1.4803888888888892
423,12040207,"[2, 1, 1, 0, 0, 1]",1.4198858981860738
424,12040208,"[1, 0, 2, 1]",1.7237720483641537
425,12050101,"[2, 2, 2, 0, 0, 2, 1, 0]",1.339214568532727
426,12050103,"[1, 1, 2, 0, 1]",1.3453644140290848
427,12050105,"[2, 0, 1, 0, 0, 0]",1.334761043032203
428,12050107,"[0, 2, 0, 0, 1, 0, 0]",1.3402185893774985
429,12050108,"[1, 2, 0, 1]",1.3031691919191921
430,12050109,"[2, 1, 1, 0]",1.3033193133047212
431,12050201,"[0, 0, 1, 2, 1, 2, 0, 0]",1.2232155097298865
432,12050203,"[0, 0, 0, 1, 2, 2]",1.319427543035994
433,12050204,"[1, 1, 2, 0, 1, 1]",0.9207037037037039
434,12050205,"[2, 1, 0]",1.7032325746799433
435,12050206,"[0, 2, 1, 1, 1]",1.3460256014805676
436,12050301,[0],1.4748645399907538
437,12050305,"[0, 2, 1]",1.7321596452328158
438,12050306,"[0, 1, 1, 2]",1.3917063696086833
439,12060101,"[2, 0, 0, 1, 0]",1.2772420235699913
440,12060105,"[0, 2, 0, 2, 0, 1]",1.3204416406175996
441,12060107,"[1, 0, 2, 0, 0, 0]",1.3021373799140437
442,12060108,"[2, 0, 0, 0, 1, 1, 0]",1.2905161844743627
443,12060113,"[0, 1, 1, 1, 2]",1.3082868640413912
444,12060201,"[0, 1]",1.3213768747629882
445,12070101,"[0, 2, 1, 2, 2, 0, 2, 0, 0, 0]",1.3214827281323878
446,12070102,"[2, 0, 1, 1, 1, 1]",1.4600743362831858
447,12070103,"[1, 2, 0, 0, 0]",1.304782069691748
448,12070105,"[0, 1]",1.335179474384564
449,12070401,"[0, 1, 2]",1.345089590443686
450,12070403,"[2, 0, 1]",1.6766352941176468
451,12070405,"[2, 0, 0, 0, 1]",1.3282018192154632
452,12070406,"[1, 0, 2, 2, 0, 0]",1.810335535976505
453,12070407,"[2, 1, 1, 1, 0]",1.3127814974802017
454,12070501,"[2, 0, 1, 0]",1.3502217615098657
455,12070503,"[2, 0, 1]",1.8283533568904593
456,12070505,"[1, 2, 0, 0]",1.2884582185491276
457,12070506,"[0, 2, 1]",1.3318251830161054
458,13010101,"[0, 0, 1, 0, 0, 0, 0, 2]",1.371512025456383
459,13010102,"[2, 0, 0, 1, 0]",1.311838172502135
460,13010103,"[0, 0, 0, 0, 2, 1]",1.3788874668183542
461,13010104,"[0, 0, 2, 1, 0, 0]",1.3456315789473687
462,13010105,"[0, 0, 0, 0, 2, 0, 1]",1.2533097982708936
463,13010107,"[0, 0, 0, 0, 0, 0, 2, 1]",1.406871867881549
464,13010201,"[0, 1, 2, 0, 0, 0]",1.3913705277069761
465,13010204,"[1, 2, 0]",1.3320909220261812
466,13010301,"[0, 0, 2, 1]",1.3901194879089618
467,13010302,"[2, 1, 0]",1.260180511686671
468,13010401,"[0, 2, 1]",1.3314617429627522
469,13020101,"[0, 0, 0, 1, 2]",1.3143401615695325
470,13020102,"[0, 1]",1.751651515151515
471,13020103,"[1, 2, 0]",1.3819775622741965
472,13020104,"[0, 2, 1]",1.3022852928782132
473,13020107,"[0, 1, 2, 0, 0]",1.3577204896531623
474,13020108,"[1, 0]",1.3987070179180887
475,13020201,"[2, 2, 2, 0, 1, 1]",1.3982715222348918
476,13020202,"[1, 0, 2, 0, 1]",1.2602920560747664
477,13020203,"[0, 0, 2, 1, 1]",1.2889745454545456
478,13020204,"[0, 0, 0, 2, 1]",1.361504118746634
479,13020301,"[1, 1, 1, 1, 1, 0, 2, 1]",1.3582205575432322
480,13020302,"[2, 0, 1]",1.3983916906820364
481,13030101,"[0, 1, 1, 1, 2, 1]",1.3868190739562154
482,13030102,"[0, 1, 2, 0]",1.3580134034290043
483,13030103,"[0, 1]",1.422509849140002
484,13030104,"[1, 2, 0, 2]",1.399145413548263
485,13030106,"[0, 2, 1, 1]",1.631090909090909
486,13030107,"[1, 0, 2, 2]",1.34286862353947
487,13030108,"[2, 1, 0]",1.547327737809752
488,13030203,"[0, 1]",1.358753635585971
489,13030205,[0],1.405683930276982
490,13030206,"[1, 0, 2]",1.4218052876027152
491,13040101,"[0, 0, 2, 1]",1.354108868381553
492,13040102,"[2, 2, 1, 0]",1.361225013223765
493,13040104,"[0, 1, 2]",1.304033720836556
494,13040106,"[0, 1]",1.3752933800512237
495,13040107,"[2, 2, 0, 1, 2]",1.4264704810495628
496,13040108,"[2, 1, 0, 0]",1.3946494565217393
497,13040109,"[1, 0, 2]",1.3590833815865662
498,13040201,"[1, 2, 0]",1.3982899049375712
499,13040202,"[0, 1, 2]",1.3360792875318066
500,13040203,"[0, 0, 2, 1]",1.3550699958098482
501,13040205,"[0, 0, 0, 2, 0, 1, 0]",1.381273115220484
502,13040301,"[2, 2, 1, 2, 1, 0]",1.4166799177600302
503,13040302,"[2, 0, 2, 1]",1.3746050611316463
504,13040305,"[1, 1, 0, 2]",1.3756282782212088
505,13040306,"[1, 1, 1, 0, 2]",1.2587350974120386
506,13050101,"[2, 0, 1]",1.366455973570658
507,13050102,"[0, 1, 0, 2]",1.3621847667454687
508,13050104,"[1, 0, 2, 0, 0]",1.4184342171717172
509,13050201,"[0, 1, 2]",1.3549603163271782
510,13050202,"[1, 2, 2, 0]",1.4137304234338746
511,14010101,"[0, 2, 2, 2, 1, 2, 2]",1.3710963728828223
512,14010105,"[2, 0, 1]",1.3504710443938532
513,14010107,"[1, 0]",1.3579669797893539
514,14010108,"[0, 2, 1]",1.3731666192777934
515,14010109,"[2, 1, 2, 0]",1.489258859619498
516,14010110,"[2, 1, 0, 1]",1.3498654836863195
517,14010111,[0],1.2931428571428571
518,14010115,[0],1.3111766581390942
519,14010117,"[0, 2, 1, 1]",1.390003735632184
520,14010201,"[0, 1]",1.3482027359651616
521,14010301,"[1, 0, 2, 0]",1.392031772019742
522,14010303,"[0, 1]",1.3830707041986543
523,14010401,"[2, 1, 1, 0, 1]",1.3412035979440318
524,14010406,[0],1.3582914887560489
525,14010503,"[0, 2, 1]",1.3673232811759126
526,14010504,[0],1.3611979719188765
527,14010507,"[2, 2, 1, 2, 0]",1.3798528835828439
528,14010510,"[0, 1]",1.4268893381251873
529,14010512,"[0, 1]",1.4073358001850138
530,14030102,[0],1.3131651532349602
531,14030201,"[0, 1]",1.240813430127042
532,14030202,"[1, 0]",1.232260147601476
533,14030203,"[0, 1]",1.3671023658158588
534,14030401,"[0, 1]",1.3837995023447218
535,14030501,"[1, 0]",1.327639815602837
536,14040101,"[2, 2, 1, 0]",1.3806300059035452
537,14040102,"[2, 1, 0]",1.3550291939618342
538,14040104,"[1, 0]",1.3488462411347515
539,14040108,[0],1.6451900000000002
540,14040110,"[1, 0]",1.3755177033039856
541,14040201,"[1, 2, 2, 0]",1.482801346801347
542,14040203,"[0, 0, 2, 1]",1.415685950413223
543,14040301,"[1, 0]",1.2964336580450118
544,15010101,"[2, 0, 1, 1]",1.3940750528029227
545,15010102,"[2, 0, 2, 1]",1.4710346093340325
546,15010103,"[1, 0, 2]",1.3218437225636523
547,15010104,"[0, 1]",1.3482605247981545
548,15010109,"[1, 0, 1, 2]",1.4079245283018869
549,15010112,"[0, 2, 1]",1.3941929774479018
550,15010405,[0],1.3434490173739677
551,15010503,[0],1.3754933449074074
552,15010706,"[1, 0]",1.253072275759822
553,15010801,"[2, 1, 0, 1]",1.343879807692308
554,15010804,"[0, 1]",1.4129899004267426
555,15020101,"[0, 1, 2, 0]",1.3953982777777778
556,15020201,"[0, 2, 1]",1.3950179789653212
557,16010101,"[2, 0, 0, 0, 1, 0, 0]",1.3901679479552562
558,16010201,"[1, 0, 0, 0, 2, 0]",1.3795341782967816
559,16010204,"[2, 0, 1, 0]",1.183618025751073
560,16010208,"[0, 2, 1]",1.3834004319756954
561,16010301,"[2, 1, 0, 0]",1.3656674722775093
562,16010303,"[0, 1]",1.4953564705882352
563,16010401,"[1, 0]",1.4407784575981786
564,16010801,"[1, 2, 0, 0, 0]",1.3024818247126435
565,16010802,"[1, 2, 0, 2]",1.2959649484536084
566,16010803,"[0, 1, 2, 1]",1.3781835238095237
567,16010901,"[0, 2, 0, 1]",1.3725379261363637
568,16020101,[0],1.3925481317741015
569,17010101,"[0, 1]",1.386866043553182
570,17010107,"[2, 1, 0, 0]",1.402348519362187
571,17010214,"[0, 1]",1.3701773841421057
572,17010216,"[0, 1]",1.3808669527896995
573,17010301,"[1, 2, 1, 0]",1.3769692132269098
574,17010302,"[0, 2, 1]",1.3182867310625321
575,17010303,"[2, 0, 1]",1.3404409523809524
576,17010306,"[0, 1, 2]",1.2226648822269808
577,17010308,[0],1.346518671607754
578,17010309,"[2, 0, 1, 1]",1.3658157744874715
579,17010401,"[0, 2, 0, 2, 1]",1.3879703502760325
580,17010403,"[2, 1, 0]",1.281446395563771
581,17010411,"[0, 1, 0, 2]",1.3740709603875747
582,17010412,"[0, 1, 2]",1.3661781330288323
583,17020101,"[2, 1, 0]",1.348655374923796
584,17020102,"[0, 2, 0, 1]",1.3553658605974395
585,17020105,"[0, 2, 1]",1.3531153645833334
586,17020207,[0],1.3908525073746312
587,17020208,[0],1.32152101116218
588,17020601,"[2, 0, 1]",1.3232407314148682
589,17020602,"[0, 1, 2, 0]",1.3281599427753934
590,17020606,"[0, 1, 2]",1.4530964467005076
591,17030101,"[0, 1]",1.3466095305832146
592,17030111,"[0, 1]",1.4159495504495503
593,18010101,"[0, 0, 1, 2, 0, 0, 0, 0, 2]",1.3780829087480737
594,18010103,"[0, 2, 0, 0, 1]",1.3781979538248117
595,18010104,"[0, 2, 0, 1, 0, 0]",1.3823274381922628
596,18010105,"[1, 0, 2, 0, 0]",1.3746693856134327
597,18010201,"[0, 2, 0, 0, 1, 0, 0, 0]",1.3557619035207678
598,18010202,"[0, 2, 1, 0, 2, 2]",1.3844410451763518
599,18010203,"[0, 1, 0, 2]",1.2174194416414397
600,18010301,"[2, 0, 1, 2, 2]",1.3626479432624112
601,18010501,"[0, 1, 0, 0, 2, 0, 0]",1.3546642101015856
602,18010505,"[0, 1]",1.5760975359342917
603,18010508,"[1, 2, 0, 1]",1.3560003867891761
604,18010510,"[0, 1, 2, 0, 0]",1.3814477380606411
605,18010512,"[0, 2, 1]",1.3615746162592384
606,18010602,"[0, 1, 2]",1.379554607508532
607,18010603,"[1, 0]",1.4246981351981352
608,18020101,"[0, 1]",1.3311465364120783
609,18030107,[0],1.332071086177834
610,18030118,"[0, 1]",1.3666233400210184
611,18030201,[0],1.5450039344549598
612,18040101,"[1, 2, 0]",1.3942149439102565
613,18040213,[0],1.3956444036697249
614,18050101,"[0, 2, 2, 1]",1.3607255888667864
615,18050102,"[0, 1, 2]",1.3626602655286866
616,18050106,"[2, 0, 0, 1, 0, 0]",1.3559853337324155
617,18050108,"[0, 1]",1.6728181818181818
618,18050109,"[0, 1]",1.256155159038014
619,18050201,"[1, 0, 2]",1.5851444976076556
620,18050202,"[2, 1, 0]",1.3724611284820922
621,18050401,[0],1.393205542184784
622,18060101,"[1, 0]",1.9137448258415237
623,18060114,"[0, 1]",1.3718176496097139
624,18070101,[0],1.440126086531888
625,18070201,[0],1.345940608127309
626,18070202,[0],1.3910443682757307
627,18080101,"[1, 0]",1.380932452380952
628,18080107,"[0, 1, 2]",1.357489914888656
629,18080201,[0],1.409727470141151
630,19010101,"[0, 1, 0, 0, 0, 0, 0, 0, 2, 0]",1.3730353637417125
631,19010103,"[0, 1, 2, 1]",1.3666940472786198
632,19010104,"[2, 1, 0, 0]",1.3402939047029705
633,19010201,"[2, 2, 0, 1, 1]",1.4143078298176617
634,19010301,"[0, 1, 2]",1.4453312492105597
635,19010302,"[0, 0, 2, 0, 1]",1.3550202583675868
636,19010304,"[1, 0]",1.4215833333333332
637,19010403,"[0, 1, 2]",1.3782110162274008
638,19010501,"[1, 1, 2, 1, 0]",1.3427618607954546
639,19010503,"[2, 0, 1, 1]",1.3714245222767218
640,19010505,"[1, 0, 2, 0, 0]",1.3312880295706568
641,19020101,"[0, 2, 1]",1.3778196892173584
642,19020201,"[2, 1, 0]",1.458664880397639
643,19020204,"[2, 0, 1]",1.4150903203817315
644,19030102,[0],1.424722350230415
645,19030111,"[1, 0]",1.3456336317135549
646,19030201,"[1, 0]",1.3734437182280321
647,19040101,"[2, 1, 1, 0, 1]",1.3630778978637341
648,19040201,"[1, 1, 2, 0]",1.4323559479553902
649,19040202,"[0, 0, 1, 2, 1]",1.3790391930835735
650,19040205,"[2, 1, 1, 0]",1.3518499288762449
651,19040206,"[1, 0, 0, 0, 2, 0]",1.3576172522136531
652,19040207,"[1, 2, 0]",1.3843083841021175
653,19040401,"[0, 1, 2, 2, 2]",1.3586410587567412
654,20010101,"[0, 2, 1]",1.375800240009006
655,20010104,"[1, 0, 2, 0]",1.3916019502874106
656,20010107,"[0, 1, 2]",1.394257016036655
657,20010109,"[0, 1]",1.3908610478359908
658,20010203,"[1, 0]",1.3570015438054805
659,20010205,"[1, 0]",1.3800040905631659
660,20010501,"[1, 2, 2, 0]",1.3966240593685009
661,20010503,"[0, 1]",1.3597094120436226
662,20020101,"[2, 1, 0]",1.2980335920037493
663,20020108,"[1, 0]",1.32977861163227
664,20020109,"[2, 0, 1]",1.3666440695615951
665,20020110,"[1, 2, 0]",1.3237738049468155
666,20020111,"[0, 1]",1.357806140225277
667,20020112,"[2, 0, 1, 0]",1.3383855985037407
668,20020119,"[0, 1]",1.3234369360533544
669,20020201,"[1, 0]",1.3753918794898572
670,20020202,"[1, 0]",1.4106560526043284
671,20030101,"[1, 0]",1.3974463074424384
672,20030140,"[0, 1]",1.2885587121212119
673,20030204,[0],1.196996319663512
674,21010101,"[0, 2, 1]",1.3520358834432373
675,21010103,"[0, 0, 2, 0, 1]",1.3205465463331438
676,21010104,"[1, 2, 0]",1.3490308466660355
677,21010105,"[1, 0]",1.3701546649968692
678,21010201,"[1, 2, 0]",1.3465464123006834
679,21010208,"[2, 1, 0, 0, 0]",1.3245619639794168
680,21010301,"[1, 0]",1.3571160541268434
681,21010310,"[1, 2, 0]",1.3548210433371517
682,21020101,"[1, 2, 1, 0, 0]",1.3566737358550038
683,21020105,"[1, 0]",1.3230468616262483
684,21020107,"[0, 1, 2]",1.3645681171786121
685,21020108,"[1, 2, 0]",1.3580352874217416
686,21020301,"[0, 1]",1.3865606652462121
687,21020302,[0],1.3368072768618533
688,21030101,[0],1.3721367539254636
689,21030106,"[2, 0, 1]",1.368810187820148
690,21030116,"[2, 0, 1]",1.3565331576948638
691,21030117,"[2, 1, 0, 0]",1.4006830200322795
692,21030121,"[0, 1]",1.403844114553452
693,21030201,"[0, 1]",1.3899797592415042
694,21030202,"[0, 1]",1.5034518272425252
695,21030204,"[2, 1, 0]",1.435603641055046
696,22010100,"[1, 2, 1, 0, 1, 1, 1, 1]",1.342373326240216
697,22010201,"[0, 1, 2, 2]",1.3388696346767235
698,22010202,"[2, 0, 1, 1, 1, 1]",1.3293687731283803
699,22010301,"[1, 2, 0]",1.5043357972544875
700,22010303,"[0, 0, 2, 1]",1.0546213017751478
701,22010306,[0],1.3540935799178053
702,22020101,"[2, 0, 1]",1.3767801036468266
703,22020104,[0],1.405001287553648
704,22020108,[0],1.3799486158513463
705,22020201,"[1, 0, 2]",1.4285792543149947
706,22020203,"[1, 1, 2, 1, 0]",1.3520864864864868
707,22020204,"[2, 0, 0, 1]",1.3481999147485082
708,22020402,"[1, 0]",1.383105772005772
709,22020403,"[1, 0]",1.4203699221716022
710,22030101,"[2, 2, 2, 1, 2, 0]",1.339797010176397
711,22030104,"[1, 0]",1.2717917352650643
712,22030105,"[0, 1, 0, 2]",1.123289855072464
713,22030108,"[0, 0, 2, 0, 1, 0]",1.3454735263056834
714,22030201,"[2, 0, 1]",1.370877985611511
715,22030502,"[1, 0]",1.346136506127102
716,22030605,[0],1.3854852575148382
717,22030701,"[1, 0]",1.3331362088535754
718,22030708,"[2, 1, 0]",1.256816266052025
719,22030901,"[2, 0, 2, 1, 0]",1.2321901840490797
720,22040103,[0],1.377098306544202
721,22040201,"[0, 1, 2]",1.317912765957447
722,22040301,"[0, 1, 1, 2]",1.3825916216803598
723,22040303,"[2, 0, 1]",1.272539286981199
724,22040304,"[2, 1, 0]",1.2033555832813476
725,22040305,"[0, 1]",1.3391310582162317
726,22040407,"[0, 2, 1]",1.3638268515870748
727,22040501,"[0, 0, 2, 1]",1.3444185882260102
728,22040502,"[0, 0, 2, 1, 0, 0]",1.4744246174079387
729,22040503,"[0, 2, 1]",1.325489574407312
730,22040508,"[2, 1, 0, 0]",1.3259605653353526
731,22040509,"[1, 1, 2, 0]",1.2982947428899743
732,22050101,"[2, 1, 0, 0, 0, 0]",1.3195398363785542
733,22050301,"[1, 0, 2]",1.0709896602658788
734,22050401,"[1, 2, 1, 0, 1]",1.2294562410329986
735,22050402,"[0, 1]",1.399062142038946
736,22050404,"[1, 0, 2, 0]",1.4027244374821988
737,22050501,"[0, 2, 1]",1.4042772484515231
738,22050502,"[0, 2, 1]",1.3425608943862988
739,22050506,"[1, 0]",1.3395314814814816
740,22060101,"[2, 1, 1, 1, 1, 1, 0]",1.2860766564078285
741,22060102,"[1, 0, 0, 0, 0, 2, 0]",1.3230625671915515
742,22060103,"[2, 1, 2, 2, 2, 2, 0]",1.3498683499288762
743,22060104,"[0, 1, 1, 2, 2, 1]",1.3260972615675166
744,22060201,"[1, 2, 0, 0, 0, 0, 0]",1.3659319252281428
745,22060202,"[1, 2, 2, 0]",1.5184182621502211
746,22060203,"[1, 0, 2, 0, 0]",1.1891891371340522
747,22070101,"[0, 1, 2]",1.3747087759022034
748,22070201,"[2, 0, 1, 0]",1.3524819765695406
749,22070205,"[2, 1, 0]",1.3752853284048905
750,22070208,"[0, 1, 2]",1.365081173454856
751,22070302,"[1, 2, 0]",1.1553177570093458
752,22070401,"[2, 1, 0, 2]",1.3752639204545454
753,22070402,"[0, 1]",1.2349811435523117
754,23010101,"[1, 1, 1, 1, 2, 1, 1, 0, 1]",1.3545609519125743
755,23010103,"[2, 2, 2, 2, 1, 0]",1.340336170212766
756,23010104,"[0, 0, 2, 0, 0, 1, 0, 0]",1.3471476662242448
757,23010105,"[0, 0, 0, 2, 1]",1.3711806226897925
758,23010106,"[2, 0, 0, 1, 0]",1.3790134500426987
759,23010201,"[1, 2, 0, 0]",1.290562258177981
760,23010301,"[1, 0]",1.2703755868544602
761,23010401,"[0, 0, 1, 2]",1.369465034633267
762,23010402,"[2, 0, 2, 1, 2, 2]",1.287168032786885
763,23010403,"[1, 0, 2]",1.1714437340153452
764,23010405,"[0, 0, 0, 1, 0, 2]",1.4392349726775957
765,23010406,"[1, 1, 2, 1, 1, 0]",1.3494396232761523
766,23010501,"[1, 2, 0, 0]",1.3756259996838942
767,23010502,"[0, 2, 2, 1]",1.326139772727273
768,23010505,"[2, 0, 1, 0]",1.328117048346056
769,23030204,[0],1.1616883479648843
770,23040101,"[0, 0, 1, 2]",1.3600783726214143
771,23040111,"[0, 1]",1.3534606698927794
772,23040205,[0],1.231184893419833
773,23040206,[0],1.2780886990801579
774,23040301,"[1, 0, 2]",1.3687074074074075
775,23040302,"[1, 1, 0, 1, 2, 1]",1.3283680000000002
776,23040303,"[0, 1]",1.4366558441558441
777,23040305,"[2, 2, 1, 2, 0]",1.348615275411698
778,23050101,"[0, 1, 2]",1.3402309012994398
779,23050104,"[0, 2, 0, 0, 1]",1.4141241811449732
780,23050201,"[2, 0, 2, 2, 1]",1.3343927615933413
781,23050202,"[0, 0, 1, 2]",1.3740579637096775
782,23050204,"[1, 0, 2, 2]",1.339209143636984
783,23050205,"[0, 1, 2]",1.7892242765273312
784,23050301,"[0, 1, 1, 2]",1.3524255187606595
785,23050307,"[1, 2, 0]",1.3289232518476408
786,23060101,"[0, 2, 1]",1.3558566023151335
787,23060102,"[0, 1]",1.3179011976047905
788,23060108,"[2, 0, 1]",1.30150955922865
789,23060110,"[2, 0, 0, 1]",1.3227146171693733
790,23060114,"[2, 0, 1]",1.3944098360655737
791,23060201,"[0, 0, 1, 2, 0]",1.3515280816640984
792,23060202,"[0, 1, 2, 2, 2]",1.25253554613936
793,23060301,"[0, 0, 1, 2]",1.3310219123505975
794,23060501,"[2, 1, 0]",1.3442220999685635
795,23060502,"[2, 2, 1, 0]",1.3744661676646708
796,24010101,"[0, 1]",1.352732074979702
797,24010201,[0],1.3196293001985253
798,24010401,[0],1.3474323141061981
799,24010701,"[1, 2, 0, 0, 0]",1.3601190518550148
800,24010703,"[0, 1, 2, 0]",1.342999521622656
801,24010901,"[1, 0]",1.1839937965260545
802,24020101,"[1, 1, 0, 2, 1]",1.364874731431536
803,24020105,"[2, 0, 1]",1.2718163168998446
804,24020107,"[0, 1]",1.3314715666761445
805,24020401,[0],1.3224981832090263
806,24030101,"[2, 0, 1]",1.4014686248499777
807,24030102,"[2, 0, 1]",1.2380170212765955
808,24030203,"[0, 1]",1.409863239247312
809,24030205,"[1, 0]",1.26703081232493
810,24030206,"[1, 0]",1.415136904761905
811,24040101,"[2, 1, 0]",1.3852863391495045
812,24040302,"[0, 1]",1.3949768070574842
813,24040304,"[1, 0]",1.3832497590748474
814,24040401,"[2, 1, 0]",1.3783417029511371
815,24040403,"[2, 1, 0]",1.414479386590585
816,24050101,"[2, 0, 0, 1]",1.3421104929510834
817,24050102,"[2, 1, 0]",1.3041926500143557
818,24050105,"[0, 1, 0, 0, 2]",1.316524194324194
819,24050201,"[0, 1, 2, 2, 1]",1.3438119278724747
820,24050202,"[0, 1]",1.3595142689026183
821,24050204,"[0, 0, 1, 2]",2.543111466325661
822,25010000,[0],1.5826826812691204
823,25020000,[0],1.5816678534130826
824,25030001,"[0, 1]",1.5579875899280575
825,25030002,"[0, 1]",1.5544409993979533
826,25030003,"[2, 1, 0]",1.642325912907635
827,26010101,"[0, 1, 0, 1, 2]",1.3449940697608507
828,26010201,"[2, 0, 1]",1.386130129672006
829,26010401,"[1, 0]",1.3244024609843936
830,26010601,"[1, 0, 0, 2]",1.3426071940384063
831,26010603,"[0, 1, 0, 2]",1.2930625180897253
832,26010704,"[2, 1, 0]",1.314273529411765
833,26010802,"[1, 0]",1.266696551724138
834,26020101,"[0, 1, 2]",1.3699988617347099
835,26020104,"[0, 1, 2]",1.2708618346545868
836,26020105,"[1, 0, 1, 2, 1]",1.352506745120551
837,26020107,"[0, 2, 1, 0]",1.4041643835616437
838,26020108,"[1, 0]",1.3556198630136986
839,26020801,"[1, 0]",1.4061307471264368
840,26020805,"[0, 1, 2]",1.365953566333809
841,26030101,"[1, 2, 0]",1.3265993790291997
842,26030102,"[0, 1, 2]",1.1808550573514078
843,26030302,"[1, 0]",1.303134271099744
844,26030306,"[1, 0]",1.8770172744721687
845,26030601,"[0, 1]",1.3594156366772059
846,26040101,"[1, 0, 2, 0]",1.3358227716207254
847,26040103,"[2, 0, 0, 1]",1.376062874251497
848,26040105,"[1, 0, 2, 0]",1.3802320252076767
849,26040201,"[2, 1, 0, 0, 0]",1.356462852263023
850,26040202,"[1, 2, 0]",1.328028733997155
851,26040204,"[1, 2, 0]",1.3592506408430647
852,26040301,"[2, 0, 1, 1]",1.6764137931034482
853,27010101,"[0, 2, 2, 2, 2, 2, 1]",1.3625687464116667
854,27010102,"[0, 1, 2, 0, 0]",1.381516737689394
855,27010103,"[1, 2, 0, 0, 0, 0, 0]",1.404542273636104
856,27010105,"[0, 0, 1, 2, 0, 0]",1.439615937859609
857,27010106,"[1, 2, 0]",1.3639288173770596
858,27010107,"[2, 1, 2, 0, 0, 0]",1.357702997533675
859,27010110,"[1, 0, 1, 2]",1.583896157840083
860,27010111,"[2, 2, 2, 2, 1, 2, 0, 0]",1.3605985671838476
861,27010112,"[1, 0, 2]",1.357163684559311
862,27010113,"[1, 2, 0, 0]",1.3415636363636363
863,27010201,"[2, 0, 0, 0, 1, 1]",1.3390991068856235
864,27010207,"[1, 0, 2]",1.2381487513572205
865,27010208,"[1, 2, 0]",1.3532613941018767
866,27010301,"[1, 0, 2]",1.3447795163584637
867,27010303,"[1, 0, 2]",1.36402798053528
868,27010501,"[0, 1, 2, 0]",1.358197374794149
869,27010503,"[0, 1]",1.2044762900976291
870,27010506,"[0, 1, 2]",1.1285664739884393
871,27010508,"[2, 1, 0, 0]",1.262045278137128
872,27020101,"[0, 2, 0, 1]",1.3395418913804522
873,27020103,"[0, 1]",1.3217605066206104
874,27020201,"[1, 0, 0, 2]",1.3699812119563501
875,27020203,[0],1.324793943870015
876,27020301,"[0, 1]",1.2874398512685914
877,27030101,"[0, 0, 1, 2]",1.3944652659204455
878,27030103,"[1, 0]",1.3378891671884783
879,27030115,"[0, 1, 2]",1.248067940133911
880,27030201,"[2, 0, 1]",1.367250680418278
881,27030206,"[0, 2, 1, 2]",1.3469442231075694
882,27030208,"[0, 1, 2, 0, 0]",1.368192307692308
883,27030301,"[0, 0, 1, 2]",1.346003713224793
884,27030306,"[1, 2, 0]",1.3456615296803653
885,27030308,[0],1.157595135347195
886,27040101,"[2, 1, 0]",1.4041986795858268
887,27040102,"[2, 1, 0]",1.3705186447094455
888,27040201,"[0, 1]",1.3996618621603711
889,27040301,[0],1.3665361490006631
890,27050101,"[1, 0]",1.3568881973655105
891,27050107,[0],1.3113980362537767
892,27050201,[0],1.3941064616582328
893,27050301,"[0, 1]",1.3143871248698284
894,27050401,[0],1.3461286227771474
895,27060101,"[0, 1]",1.40144859276278
896,27060201,"[1, 0]",1.3746661916975396
897,27060301,"[2, 0, 1]",1.3518240664392
898,27060302,"[2, 2, 2, 1, 0, 2]",1.2274326018808777
899,27060305,"[1, 1, 0, 2]",1.4268701077708452
900,27060308,"[0, 0, 0, 1, 2]",1.3361251186333438
901,27070101,"[2, 0, 1, 0]",1.3585174724824172
902,27070102,"[0, 2, 1]",1.3605258671203098
903,27070103,"[1, 2, 0]",1.499390462700661
904,27070104,"[1, 1, 2, 1, 0, 1, 1]",1.3761599105597229
905,27070201,"[0, 1]",1.3649470823798626
906,27070202,"[0, 2, 1]",1.3671981037924152
907,27070301,"[0, 1]",1.346927473082631
908,27070302,"[2, 0, 1]",1.2874858870967743
909,27070303,"[1, 0]",1.2374405100492982
910,28010101,"[1, 0, 2, 0, 0, 0, 0]",1.3614573973873034
911,28010301,"[1, 1, 2, 0, 2, 2]",1.2637935280641468
912,28010303,"[0, 0, 2, 1]",1.3261662921348314
913,28010305,"[0, 2, 1]",1.2288073607427055
914,28010501,"[0, 1, 2]",1.2843618143459914
915,28020101,"[0, 2, 1, 1, 1]",1.3596339780618685
916,28020103,"[1, 2, 0]",1.3800736312743143
917,28030101,"[0, 2, 1, 1]",1.3641645837276801
918,28030102,"[1, 0, 2]",1.3441529680365298
919,28030301,"[0, 0, 0, 2, 1]",1.4059485043946698
920,28040101,"[0, 0, 1, 0, 0, 0, 2]",1.3482252961158134
921,28040104,"[1, 0, 2, 1]",1.2957182359117956
922,28040301,[0],1.440882302650328
923,28040401,"[1, 1, 0, 2, 1, 1]",1.334771325552709
924,28040405,"[1, 1, 2, 0, 1]",1.6748550724637683
925,28050101,"[0, 0, 1, 0, 2, 0, 0]",1.3338788267398574
926,28050102,"[0, 0, 2, 0, 0, 1, 0, 0]",1.3413041784836455
927,28050103,"[2, 1, 0, 0, 0]",1.2810328196347034
928,28050104,"[2, 1, 2, 0]",1.3574486486486488
929,28050105,"[2, 1, 0, 2]",1.1952044025157231
930,28050107,"[2, 1, 0]",1.338865142857143
931,28050202,"[2, 0, 0, 1, 0, 0, 0]",1.3422888321995463
932,28060101,"[2, 0, 1]",1.3685513116171029
933,28060201,"[2, 1, 0]",1.3459749359156938
934,28060203,"[2, 1, 0, 2, 2]",1.347351012302625
935,28060401,"[1, 0]",1.3708792897028204
936,29010101,"[1, 0, 0, 2]",1.3698965452581033
937,29010201,"[1, 2, 0, 0]",1.3625039570319895
938,29010202,"[1, 0, 2, 2]",1.3903430064614215
939,29010301,"[1, 2, 0, 0, 0, 0]",1.363399423465203
940,29010303,"[1, 0, 2]",1.3802888249400482
941,29010304,"[0, 1, 2, 0]",1.366778307254623
942,29010401,"[0, 2, 1, 0]",1.346069944554705
943,29010402,"[2, 0, 1]",1.3449445393301072
944,29010405,"[2, 0, 1]",1.3578132929642446
945,29010406,"[2, 1, 0]",1.3563193891102259
946,29010501,"[0, 0, 0, 0, 2, 1]",1.3637815749669122
947,29020101,"[2, 1, 2, 0]",1.3555927847261704
948,29020105,"[0, 0, 2, 1]",1.3286127548601234
949,29020111,"[0, 1]",1.3727683728910494
950,29020113,"[2, 2, 1, 2, 0]",1.3812235749069035
951,29020201,"[1, 0]",1.4117182267884323
952,29020207,"[1, 0, 1, 2]",1.3239724770642203
953,29020212,"[1, 1, 0, 2]",1.3443472463348765
954,29030101,"[0, 1, 2, 2, 2]",1.3404413681457432
955,29030201,"[0, 1]",1.3889539385342788
956,29030203,"[1, 0]",1.346139733030389
957,29040101,"[1, 2, 0, 0]",1.3554854775413712
958,29040106,"[0, 1]",1.3891443076923078
959,29040201,"[0, 0, 2, 1]",1.389835847803397
960,29040202,"[1, 2, 0]",1.352097459233978
961,29040304,"[1, 0]",1.3595990201900237
962,29040305,"[0, 1]",1.3137408312958434
963,29040307,"[1, 0]",1.166256157635468
964,29040501,"[0, 1]",1.4845594666666666
965,29040504,"[0, 2, 1]",1.4774759743726642
966,29050104,"[0, 1]",1.3520943906605924
967,29050201,[0],1.3669087378181473
968,29050301,"[1, 0]",1.4056135588402503
969,29050401,[0],1.3335839160839162
970,29060101,"[2, 1, 0]",1.3834732884160756
971,29060201,"[1, 0]",1.3382515182345887
972,29060204,"[0, 0, 2, 0, 1]",1.351159447135936
973,29060301,"[1, 2, 0, 2]",1.3532020460358059
974,29060302,[0],1.3306498091603054
975,29060306,"[0, 1]",1.2192460317460316
976,29060307,"[0, 0, 1, 2]",1.3238233285917496
977,29060401,"[1, 0]",1.3479416163359217
978,29060411,"[1, 0]",1.334513097949886
979,29060501,"[1, 0]",1.3644975559984813
980,29060506,"[0, 1]",1.3514591054313099
981,29060509,[0],1.3559980367111364
982,29070101,"[1, 2, 0]",1.4288192262477286
983,29070102,"[1, 2, 0]",1.3844932291666665
984,29070104,"[2, 0, 1]",1.3818159544159545
985,29070201,"[1, 2, 0, 2]",1.3807450966458217
986,29070204,"[1, 2, 0, 2]",1.3786912878787878
987,29070206,"[2, 1, 0]",1.4205795800076018
988,29070207,"[2, 1, 0]",1.3881588452787257
989,29070209,"[2, 2, 0, 1]",1.3801949900370054
990,29070301,"[1, 1, 2, 0]",1.3844512498798194
991,29070303,"[0, 1]",1.3338917835671344
992,29080000,[0],1.503652308227408
993,30010101,[0],1.4361356965133536
994,30010102,[0],1.2464535830618892
995,30020101,"[1, 0, 2]",1.3997197681704263
996,30020301,[0],1.4242631504122831
997,30020501,"[1, 0, 2]",1.4494618834080724
998,30020505,"[1, 2, 0]",1.3827174594132725
999,31010101,"[0, 1]",1.4302431925936427
1000,31010107,"[0, 2, 1]",1.392749915853248
1001,31010201,[0],1.4138457796852646
1002,31010301,"[1, 0]",1.3586692285795618
1003,31010401,"[2, 1, 0]",1.4422413154897493
1004,31010501,"[1, 2, 1, 0]",1.4118127074442863
1005,31010601,"[0, 1]",1.4139610795005528
1006,31010602,"[2, 1, 0]",1.3404356291775648
1007,31010803,"[0, 1]",1.4097932931156847
1008,31020101,[0],1.469286141149687
1009,31020113,[0],1.2892895277207392
1010,31020302,[0],1.3616538351867693
1011,31020306,[0],1.3729285305889078
1012,31020401,[0],1.3987867083214998
1013,32010101,"[2, 1, 0]",1.4006963067087028
1014,32010102,"[0, 1, 2]",1.4011593966088849
1015,32010104,"[0, 1, 2]",1.408569290692907
1016,32010201,"[0, 2, 1]",1.4282699156957468
1017,32010206,"[0, 2, 1]",1.3871635099212
1018,32010209,"[0, 1]",1.3894900284900287
1019,32010212,"[1, 0]",1.2749122367101304
1020,32010604,"[0, 2, 1]",1.4030377474661362
1021,32010606,"[0, 2, 1]",1.391272727272727
1022,32010608,"[2, 0, 0, 1]",1.4106594079134644
1023,32010701,[0],1.2537508024691357
1024,32010702,"[1, 0]",1.362652995347954
1025,32010801,"[0, 1]",1.4010171455123965
1026,32010803,"[2, 1, 0]",1.5086848137535815
1027,32010806,"[0, 1]",1.4340867937049677
1028,33010101,"[2, 1, 2, 0, 0]",1.3809085161544525
1029,33010102,"[2, 0, 1, 2, 2, 2]",1.3646296390430288
1030,33010103,"[0, 1, 2, 2]",1.34941685660019
1031,33010104,"[1, 0]",1.4176406827880514
1032,33010105,"[0, 2, 2, 2, 2, 1, 0]",1.3555851399539272
1033,33010201,"[1, 0, 2]",1.37317223173516
1034,33010202,"[2, 0, 1]",1.5348786073603389
1035,33010204,"[1, 0, 0, 2, 2]",1.3968005115089515
1036,33010205,"[0, 1, 2]",1.3469970051340558
1037,33010206,"[1, 0, 2]",1.3895520327525468
1038,33010208,"[1, 2, 0, 0]",1.3802841342486651
1039,33010301,"[0, 1, 0, 2, 0]",1.3625163183509879
1040,33010302,"[0, 0, 2, 0, 1]",1.4236180316091953
1041,33010305,"[2, 0, 1]",1.3707424914187643
1042,33010306,"[1, 1, 0, 1, 2]",1.37398861047836
1043,33010401,"[2, 0, 0, 0, 1, 0]",1.3830645008074474
1044,33010403,"[0, 1]",1.2968614421020472
1045,33010408,"[2, 2, 2, 0, 1, 2]",1.3604885778166618
1046,33010501,[0],1.3829367162438029
1047,33010601,"[0, 0, 0, 2, 1]",1.4641390243902441
1048,33010603,"[2, 2, 0, 1, 2, 2]",1.1497648854961833
1049,33010604,"[1, 0]",1.8121502189381502
1050,33010605,"[0, 2, 1, 1]",1.3928995811916998
1051,33010606,"[0, 0, 2, 1, 0]",1.4121966345244847
1052,34010001,[0],1.456526459162403
1053,35010101,"[0, 1]",1.4247597578048767
1054,35010109,"[1, 0]",1.4224678794769756
1055,35010202,"[1, 0]",1.457580665141986
1056,35010205,[0],1.4510443932084751
1057,35010209,"[0, 2, 1]",1.4623018717642373
1058,35010210,"[1, 0]",1.4058531848043416
1059,35010302,[0],1.5019643570952699
1060,35010307,"[0, 1]",1.426054276783177
1061,35010308,[0],1.4406566419058413
1062,35010310,"[1, 0]",1.3780397447055408
1063,36010101,"[1, 0, 2]",1.4011965678898552
1064,36010104,"[0, 1, 0, 2]",1.396279459126646
1065,36010106,"[2, 1, 0, 1, 1]",1.7357731239092493
1066,36010107,"[2, 0, 1]",1.3889649142748888
1067,36010201,[0],1.3928227475553023
1068,36010210,[0],1.4244364310148234
1069,36010303,"[1, 0]",1.3694774675570711
1070,36010304,"[0, 1]",1.5205821078431374
1071,36010305,[0],1.3838022165387895
1072,36010306,"[0, 1]",1.869504658385093
1073,36010501,"[0, 1, 2]",1.4026751313485113
1074,36010707,"[2, 1, 0]",1.3594721039182283
1075,36020003,[0],1.3788803637396985
1076,37010100,"[2, 2, 1, 0]",1.4078806862489113
1077,37010201,"[2, 2, 0, 1]",1.3836315166997823
1078,37010202,"[1, 2, 0]",1.7563448318216177
1079,37010301,"[2, 0, 1]",1.2791642340839586
1080,37010303,"[2, 1, 0]",1.363641045875421
1081,37010306,"[1, 0]",1.172608034321373
1082,37010403,[0],1.30462421741605
1083,37010501,"[1, 2, 0]",1.370547065542084
1084,37010502,"[1, 0, 2, 0]",1.4044818459450288
1085,37010503,"[1, 2, 0]",1.4125781596265068
1086,37010505,"[1, 0, 2]",1.4014736667613905
1087,37010507,"[2, 0, 1, 0]",1.355867378106621
1088,37010512,"[2, 0, 1]",1.5366969939461415
1089,37020101,"[2, 2, 1, 0]",1.3789651490726298
1090,37020105,"[1, 0]",1.4515369501327267
1091,37020113,"[1, 0]",1.3760219874357509
1092,37020301,"[0, 1]",1.8462450045413263
1093,37020308,"[1, 0]",1.4235214373697178
1094,37020312,"[0, 1, 2]",1.3853904300356505
1095,37020314,"[0, 1, 2]",1.4121780572132234
1096,37020401,"[1, 0]",1.3380512428977274
1097,37020410,[0],1.518994911804613
1098,37020501,"[0, 1]",1.3955575987841946
1099,37020504,"[0, 2, 1]",1.3855947189097106
1100,37020601,"[0, 1, 2]",1.4163810776229742
1101,37020615,"[0, 1]",1.4072099573257468
1102,37030101,"[0, 1, 2, 0]",1.3535300016867047
1103,37030102,"[0, 1]",1.3481248577929463
1104,37030107,"[0, 2, 0, 1]",1.3671755833807626
1105,37030201,"[1, 2, 0, 2]",1.3711161673799332
1106,37030203,"[0, 1, 0, 2]",1.3250177304964539
1107,37030206,"[2, 1, 0, 1]",1.3672377025874325
1108,37030207,"[1, 0]",1.717520782396088
1109,37030211,"[0, 1, 0, 0, 2]",1.347943401592719
1110,37030301,"[0, 1, 1, 1, 1, 2]",1.3310948447735689
1111,37030302,"[0, 1, 0, 0, 0, 2]",1.3088974455492426
1112,37030304,"[0, 0, 0, 2, 1]",1.4512154255319147
1113,37030305,"[1, 2, 0]",1.2589640718562876
1114,37030401,"[1, 0]",1.370618630512966
1115,37030403,"[0, 1, 0, 0, 0, 2]",1.3519658596042792
1116,37030415,[0],1.2554666666666665
1117,37030416,"[2, 0, 1]",1.2490188014101058
1118,37040101,"[2, 1, 0, 0, 0]",1.3837384615384616
1119,37040102,"[0, 2, 0, 1, 0]",1.3823045544835417
1120,37040109,"[2, 0, 1]",1.3652621621621621
1121,37040113,"[2, 1, 0, 1]",1.343954480796586
1122,37040114,"[2, 0, 1, 2]",1.3796553571428571
1123,37040115,"[0, 0, 2, 1, 0]",1.2386500553709858
1124,37040401,"[0, 1]",1.3730130756111427
1125,37040409,"[1, 0]",1.3344217416050084
1126,37040411,[0],1.3198975352112674
1127,37050101,"[0, 1]",1.4039491054537592
1128,37050201,"[1, 0]",1.5245082095387024
1129,37050212,"[0, 1]",1.339121694626102
1130,37050301,[0],1.3983151463483945
1131,37050406,[0],1.4066017782822549
1132,38010201,"[2, 0, 1]",1.3554693054291018
1133,38010203,"[2, 1, 0, 2, 2]",1.3865434037692748
1134,38010301,"[0, 2, 1]",1.329008154401564
1135,38010302,"[2, 2, 2, 1, 0]",1.3437536087369417
1136,38010303,"[0, 0, 0, 1, 2]",1.3662006700883949
1137,38010304,"[0, 0, 0, 2, 0, 1]",1.3781937186405377
1138,38010306,"[0, 0, 2, 1, 0]",1.4282305825242718
1139,38020101,"[1, 0, 2, 1, 1, 1]",1.3851469277589972
1140,38020102,"[2, 2, 1, 0, 2]",1.3645125025603453
1141,38020104,"[0, 2, 1]",1.3389528140989198
1142,38020105,"[1, 1, 2, 2, 0, 0, 1]",1.3395366053944788
1143,38020106,"[2, 1, 0, 0]",1.4075506020098596
1144,38020201,"[0, 2, 1, 1]",1.4089480271328938
1145,38020301,"[1, 0, 1, 2, 1, 1]",1.342486122951596
1146,38020303,"[1, 0]",1.391360036046291
1147,38020304,"[0, 0, 2, 1, 0, 0]",1.3735887531951148
1148,38030101,"[1, 2, 0, 2, 2, 2]",1.3818919453892669
1149,38030102,"[1, 0]",1.3826464952903004
1150,38030103,"[0, 1]",1.411703174149271
1151,38030104,"[0, 2, 1]",1.4085792945225122
1152,38030201,"[1, 2, 0]",1.4234035274621213
1153,38030202,"[2, 1, 0, 2]",1.461008771929825
1154,38030301,[0],1.3961415318001136
1155,38030304,"[1, 0]",1.3608915885194657
1156,38040101,"[1, 0, 2, 0, 0, 0, 0]",1.3842448191489365
1157,38040102,"[0, 1, 2, 0, 0]",1.3721858127512925
1158,38040105,"[0, 2, 1]",1.548604464443268
1159,38040106,"[2, 1, 2, 0, 0]",1.4094598370749267
1160,38040109,"[2, 0, 1]",1.3959299914796932
1161,38040110,"[0, 2, 1, 2, 1]",1.5722967640094712
1162,38040201,"[1, 2, 0, 0, 0]",1.3892557643040138
1163,38040205,"[0, 1]",1.448165680473373
1164,38040206,"[0, 1]",1.3804368061485908
1165,38040208,"[2, 1, 0, 0]",1.3582525655644242
1166,38040210,"[2, 1, 1, 0]",1.401138028969043
1167,38040214,"[1, 0, 2]",1.3592263057929725
1168,38040301,"[1, 0, 2, 0]",1.267257966101695
1169,38040302,"[1, 2, 0, 2]",1.3929464031845324
1170,38050001,[0],1.3918243457105064
1171,38050011,[0],1.3650634469696967
1172,38060101,"[2, 0, 2, 1]",1.347546512303163
1173,38060102,"[1, 0]",1.3045594435075885
1174,38060107,"[2, 0, 1]",1.333701270584895
1175,38060110,"[2, 1, 0]",1.3484659402401185
1176,38060201,"[1, 0]",1.3929158775900128
1177,38060202,"[1, 0]",1.4149678138035646
1178,38060401,[0],1.2206590303676077
1179,38060604,[0],1.3919557432112781
1180,38060605,[0],1.3749869206710266
1181,38070101,"[2, 2, 0, 1, 0]",1.383744457059955
1182,38070105,"[0, 1, 2]",1.385588737201365
1183,38070106,[0],1.27939694741533
1184,38070111,"[0, 2, 0, 1, 0]",1.2849037450722733
1185,38070201,"[2, 0, 1]",1.3913313424345848
1186,38070204,"[0, 1]",1.3835491185669604
1187,38070301,"[0, 1]",1.3593850898345157
1188,38070302,"[2, 1, 0]",1.347888178913738
1189,39010101,"[1, 0, 0, 2, 0, 0]",1.336844877215684
1190,39010102,"[0, 1, 2]",1.3133241503360789
1191,39010104,"[1, 2, 0]",1.3575735377626348
1192,39010105,"[2, 0, 1]",1.3389328400682983
1193,39010106,"[0, 2, 1, 1]",1.359457540471457
1194,39010108,"[2, 0, 0, 1]",1.349427293382562
1195,39010115,"[2, 0, 1, 2]",1.238507790368272
1196,39010119,"[2, 1, 0]",1.382838432835821
1197,39010201,"[1, 0, 2, 2]",1.3413453608247423
1198,39010203,"[1, 0, 2]",1.3139772274409338
1199,39010303,"[1, 0]",1.3813543854669315
1200,39010401,"[0, 2, 1]",1.3742911104799773
1201,39010404,"[2, 0, 1]",1.3462098061573549
1202,39010408,"[1, 0, 2, 0]",1.3513500142166621
1203,39010409,"[1, 0]",1.3363696217152758
1204,39010411,"[1, 2, 0]",1.4153015963511975
1205,39020101,"[0, 1]",1.362617373335857
1206,39020103,[0],1.395066115702479
1207,39020105,"[0, 1, 2]",1.3745605802047782
1208,39020106,"[2, 1, 0]",1.3816576678980772
1209,39020201,[0],1.3397096131583976
1210,39030101,"[1, 2, 1, 0]",1.3822554955467121
1211,39030103,"[1, 0]",1.2493888729566964
1212,39030106,"[0, 2, 1, 0]",1.2415353671015605
1213,39030201,"[1, 0, 0, 0, 0, 2, 0]",1.259532169117647
1214,39030202,"[1, 0, 0, 2]",1.369255285259195
1215,39030203,"[0, 2, 1]",1.412204836415363
1216,39030301,"[0, 1]",1.21450884086444
1217,39040101,[0],1.353431972869686
1218,39040111,"[1, 0]",1.36625533428165
1219,39040116,"[0, 2, 1]",1.3563181775125508
1220,39040301,[0],1.4116616832386362
1221,39050101,[0],1.4442993102850294
1222,39050106,"[0, 1]",1.364928613053613
1223,39050113,[0],1.3513507329281373
1224,39050201,[0],1.4075115089514068
1225,39060101,"[0, 0, 2, 1]",1.3651926325906383
1226,39060102,"[1, 0]",1.5476029962546816
1227,39060107,"[0, 1, 2]",1.320970646907951
1228,39060108,"[2, 0, 1, 0, 0]",1.1976608238387376
1229,39060112,"[0, 1, 2, 2]",1.3781032559281636
1230,39060114,"[2, 1, 0]",1.370965527065527
1231,39060117,"[1, 2, 0]",1.287421268507403
1232,39060118,"[0, 1, 2, 2]",1.3449977009859688
1233,39060119,"[0, 2, 1, 2]",1.4294781105990784
1234,39060120,"[1, 0]",1.3270339994035192
1235,39070101,"[2, 0, 1]",1.353789414350539
1236,39070102,"[0, 1, 0, 2]",1.4800000000000004
1237,39070107,"[0, 1]",1.2475253456221198
1238,39070201,"[1, 0]",1.361105310341565
1239,39070301,"[2, 2, 0, 2, 1]",1.3673024113475176
1240,40010101,"[0, 2, 1, 0]",1.3544764954783648
1241,40010110,"[2, 0, 1]",1.4560693852420195
1242,40010111,"[1, 0]",1.380942485421592
1243,40010301,"[0, 1]",1.3745105173393974
1244,40010401,"[0, 1, 0, 0, 0, 2]",1.3997175991669033
1245,40010402,"[1, 2, 0]",1.3812402659069327
1246,40010404,"[1, 0]",1.3455491338582677
1247,40010501,"[0, 2, 1, 0]",1.340725821729658
1248,40010502,"[0, 2, 0, 1, 0]",1.4561565728366979
1249,40010503,"[2, 2, 0, 0, 2, 1]",1.3551269412878786
1250,40010507,"[2, 0, 1, 0]",1.2602694063926938
1251,40010603,[0],1.3954460040103123
1252,40010701,"[0, 1]",1.3606264897843363
1253,40010708,[0],1.3575247593175104
1254,40020001,"[1, 2, 0]",1.337762449172577
1255,40020003,"[0, 2, 1]",1.350913775123246
1256,40020007,"[2, 0, 1]",1.180267857142857
1257,40020012,"[1, 0, 1, 2]",1.346692984947458
1258,40020018,"[0, 1]",1.2947258586215007
1259,40030101,[0],1.383937933162442
1260,40030201,"[1, 2, 0]",1.388003431790211
1261,40030808,[0],1.3882495026996307
1262,40030812,[0],1.411105605498478
1263,40040101,[0],1.404145247211193
1264,40040201,[0],1.4127431740614333
1265,40050101,"[2, 0, 1]",1.3957629106314495
1266,40050301,"[2, 2, 1, 0, 2]",1.3956543745480838
1267,40050303,"[0, 1]",1.3860368576042557
1268,41010101,"[0, 1, 0, 2]",1.3210540538141649
1269,41010102,"[0, 0, 0, 2, 0, 1]",1.312087210162063
1270,41010103,"[0, 2, 0, 0, 0, 0, 1]",1.3242145137880987
1271,41010104,"[0, 2, 2, 1]",1.342443165672066
1272,41010201,"[1, 1, 2, 0, 1]",1.143788912835249
1273,41010202,"[0, 0, 1, 2, 0, 0]",1.3642469109467832
1274,41010203,"[1, 1, 2, 0, 1]",1.278815915436777
1275,41010205,"[1, 1, 2, 0, 1, 1, 1]",1.2727610008628125
1276,41010301,"[0, 0, 1, 0, 2, 2]",1.3525370608397598
1277,41010302,"[2, 1, 1, 2, 0]",1.3797345051326748
1278,41010304,"[2, 0, 0, 0, 0, 1, 0]",1.3347880434782609
1279,41010306,"[2, 2, 0, 0, 1]",1.3322536881689324
1280,41010308,"[0, 1, 2, 2, 0, 2]",1.3360242995997715
1281,41010401,"[1, 1, 1, 2, 0, 1, 1]",1.3543657786885246
1282,41010402,"[0, 0, 0, 0, 1, 2]",1.3230561330561332
1283,41010403,"[2, 1, 0, 2]",1.3804443146417447
1284,41020101,"[0, 0, 0, 1, 1, 2, 1]",1.3525573909171331
1285,41020102,"[2, 0, 0, 0, 1]",1.3604885094196726
1286,41020108,"[2, 1, 0, 1]",1.4171194779116467
1287,41020401,"[0, 2, 0, 1]",1.3747477714556664
1288,41020402,"[2, 0, 1, 0]",1.3464767463933178
1289,41020503,"[1, 0]",1.3652146320593268
1290,41020504,"[0, 1]",1.3313535785571715
1291,41020604,"[1, 2, 1, 0]",1.3572190883190882
1292,41020702,"[0, 1]",1.3758275071633235
1293,41020705,"[1, 2, 0]",1.3720250926717996
1294,41020706,"[1, 1, 1, 2, 0]",1.374431884057971
1295,41020707,"[0, 0, 2, 1, 2]",1.387739909039227
1296,41020801,"[1, 0, 2, 2]",1.4204071387940842
1297,41030101,"[0, 2, 0, 1, 0]",1.330309906959081
1298,41030201,"[1, 2, 0, 0]",1.3709515095414413
1299,41030202,"[1, 0]",1.3674073738289514
1300,41030203,"[0, 0, 0, 2, 1]",1.3185658119658117
1301,41030204,"[1, 0, 2]",1.3659528196736863
1302,41040101,"[0, 0, 0, 1, 2]",1.3640145386523959
1303,41040102,"[0, 2, 1, 1, 1]",1.3844895773843517
1304,41040103,"[0, 1, 2]",1.3118962362533182
1305,41040104,"[1, 0]",1.3649432893367395
1306,41040105,"[2, 2, 1, 0, 1, 2]",1.3745569837189373
1307,41040201,"[1, 1, 2, 1, 0]",1.3990871165303922
1308,41040202,"[2, 0, 1, 1, 1]",1.372266068546473
1309,41040203,"[0, 0, 2, 1]",1.4092782349602726
1310,42010101,"[1, 2, 0, 2, 2]",1.3551611238265282
1311,42010102,"[2, 0, 0, 0, 1, 0, 0]",1.348851541808551
1312,42010103,"[2, 0, 0, 0, 1, 0, 2]",1.3234248327759197
1313,42010104,"[2, 0, 1, 0, 2]",1.3009507405022538
1314,42010105,"[2, 0, 1, 0, 0]",1.3372391200382594
1315,42010202,"[2, 0, 1, 2, 0]",1.3609202651515153
1316,42010204,"[0, 1]",1.2953600132688845
1317,42010301,"[0, 2, 1, 0, 0, 0, 0]",1.666056179775281
1318,42010303,"[2, 1, 0, 0]",1.3493987132179015
1319,42010401,"[0, 1, 2]",1.5292287685774948
1320,42010501,"[1, 2, 0, 1, 1]",1.3078633352815117
1321,42010503,"[0, 0, 0, 0, 0, 1, 2]",1.3727861537005488
1322,42010504,"[1, 0, 2]",1.3683458509399207
1323,42010505,"[0, 2, 1, 0, 0, 0, 2, 0, 0]",1.453653441410694
1324,42020101,"[0, 2, 1, 0, 0]",1.296661597596745
1325,42020103,"[2, 2, 2, 0, 1]",1.3530297449753508
1326,42020105,"[0, 0, 2, 1]",1.2397296461697012
1327,42020201,"[0, 1, 2]",3.2396776909722225
1328,42020203,"[0, 0, 1, 2]",1.3574320725707258
1329,42020207,"[0, 2, 1]",1.3293386499572768
1330,42030101,"[0, 2, 0, 2, 1]",1.3517284255514883
1331,42030102,"[0, 1, 1, 2, 1, 0]",1.3778336490795997
1332,42030103,"[1, 2, 1, 0]",1.2314087061668681
1333,42030201,"[2, 2, 0, 2, 1]",1.327667786916241
1334,42040001,"[1, 0, 2]",1.3372547745166927
1335,42040003,"[1, 1, 0, 1, 2]",1.2341666666666669
1336,42040004,"[0, 0, 1, 2, 0]",1.1378979618163056
1337,42050101,"[0, 1]",1.3586664142131342
1338,42050115,[0],1.334130643474955
1339,42050121,[0],1.5507869142351902
1340,42050122,[0],1.3528428571428575
1341,42050123,"[0, 1]",1.6946371986222732
1342,42050201,"[0, 1]",1.384127133105802
1343,42050205,"[1, 0]",1.3536019263944794
1344,42060101,"[1, 2, 0, 0]",1.329966972142249
1345,42060105,"[1, 0]",1.3714752700397954
1346,42060106,"[1, 0, 2]",1.353516069397042
1347,42060107,"[2, 0, 0, 0, 1]",1.5006157275659266
1348,42060111,"[0, 2, 1, 1]",1.3274138972055889
1349,42060116,"[1, 2, 0, 0]",1.3389441176470587
1350,42060201,"[1, 0]",1.3117975326560232
1351,42060207,"[0, 1]",1.3152820512820511
1352,42060305,[0],1.35504147597254
1353,43010101,"[0, 0, 1, 2, 0]",1.359410762129911
1354,43010102,"[1, 0, 2]",1.3676131366890594
1355,43010103,"[1, 0]",1.4760619333025973
1356,43010201,"[2, 0, 1]",1.2647098445595857
1357,43010207,"[2, 0, 2, 1]",1.352510180671064
1358,43010401,"[0, 2, 1]",1.347195692351436
1359,43010406,"[0, 2, 1]",1.351433555997726
1360,43010505,[0],1.3554970093990315
1361,43010601,"[0, 1]",1.3770069735764676
1362,43010608,"[0, 1]",1.4335397801924648
1363,43010701,"[1, 0, 2]",1.4130429553264603
1364,43010712,"[1, 0, 2]",1.3443019323671497
1365,43020101,"[2, 0, 1, 1]",1.3488187729202854
1366,43020103,"[0, 1]",1.280906056587091
1367,43020111,"[2, 0, 1]",1.7098190921228307
1368,43020118,"[2, 0, 1]",1.1741135869565218
1369,43020203,"[0, 1]",1.2848489096573208
1370,43020301,[0],1.381082195029406
1371,43020303,[0],1.028142857142857
1372,43020314,"[0, 1]",1.8801153846153842
1373,43040101,"[2, 1, 0]",1.3559511130055888
1374,43040102,"[1, 0]",1.4161392374517374
1375,43040105,"[1, 0]",1.1386644486692015
1376,43040201,"[1, 0]",1.534525934702475
1377,43040202,"[2, 1, 1, 0]",1.324837396069539
1378,43040204,"[0, 2, 1, 0]",1.3432071956769056
1379,43040302,"[2, 0, 1]",1.771834788937409
1380,43040304,"[1, 0]",1.4403951528921706
1381,43040401,"[2, 0, 1]",1.3033339971550497
1382,43040403,"[2, 0, 1, 0, 0]",1.370351231222666
1383,43040502,"[2, 0, 0, 0, 1]",1.3692103016505408
1384,43040504,"[2, 1, 0]",1.031222222222222
1385,43050101,"[2, 0, 0, 0, 0, 1]",1.366605375826433
1386,43050106,"[1, 0, 2]",1.3752342933181256
1387,43050201,"[1, 2, 0]",1.3174738869863014
1388,43050202,"[0, 2, 1]",1.3239765706681874
1389,43050501,"[1, 0]",1.3671039949796344
1390,43050503,"[1, 0]",1.3549683580387686
1391,43050504,"[1, 0]",1.397183153306803
1392,44010101,"[2, 2, 0, 1, 2, 0]",1.3418202048647263
1393,44010103,"[1, 0, 2, 1]",1.3224530403380956
1394,44010105,"[0, 2, 1]",1.3396564333081307
1395,44010106,"[1, 0]",1.349944912590249
1396,44010114,"[2, 0, 2, 2, 1]",1.3527503027722583
1397,44010205,"[0, 2, 1]",1.3637059954428936
1398,44010301,"[0, 1]",1.3984183950717466
1399,44010401,"[2, 1, 0]",1.7833414826498424
1400,44010402,"[1, 2, 0]",1.3534073652239937
1401,44010404,"[2, 0, 1]",1.3891662003357583
1402,44020101,[0],1.586401000870322
1403,44020102,"[1, 0]",1.4882881597717545
1404,44020110,"[0, 1]",1.4879297544260421
1405,44020201,"[0, 1]",1.398823350071736
1406,44020202,"[0, 1]",1.375328546307151
1407,44030101,"[0, 1, 0, 2, 0]",1.3539280476329436
1408,44030104,"[1, 0]",1.3333486617312071
1409,44030105,"[0, 2, 0, 1]",1.3420657944634053
1410,44030109,"[2, 0, 1]",1.3326767065413463
1411,44030114,"[0, 1]",1.3464654951622084
1412,44030205,[0],1.399319236016371
1413,44030301,"[0, 2, 1]",1.3483143364546333
1414,44030304,"[0, 1]",2.0595876288659793
1415,44030401,[0],1.3281959305634603
1416,44030406,"[2, 0, 1]",1.321113584474886
1417,44030411,"[0, 1]",1.5223986254295534
1418,44030506,"[1, 0]",1.2246550680786688
1419,44030601,"[0, 1]",1.318135626954791
1420,44030607,"[1, 0]",1.2718022420235702
1421,44030701,"[0, 1]",1.3658439988623439
1422,44030711,"[0, 1]",1.1909891236306729
1423,44040101,"[1, 2, 0, 0, 0]",1.379046359499431
1424,44040105,"[1, 0]",1.3961803255282694
1425,44040111,"[0, 2, 1]",1.2545398773006131
1426,44040201,[0],1.4076164608761472
1427,44040301,"[1, 0, 2]",1.4189061019518667
1428,44040303,"[0, 1]",1.4149129381058911
1429,44040501,"[1, 2, 0, 0]",1.3622362857142858
1430,44040504,"[0, 2, 1, 1]",1.3924788171737277
1431,44040506,"[1, 0]",1.3783489019033675
1432,44050101,"[0, 0, 0, 2, 1]",1.3738737589613015
1433,44050103,"[0, 2, 1, 0]",1.3181148995796357
1434,44050104,"[1, 1, 2, 0]",1.3528096764791606
1435,44050107,"[0, 1]",1.3856530078050637
1436,44050201,"[1, 0]",1.3913225207202056
1437,44050209,"[0, 1]",1.395007302038881
1438,44050302,[0],1.4264866952789699
1439,44050401,"[2, 0, 1]",1.3133631936526033
1440,44050403,"[0, 0, 1, 2]",1.3535020134546145
1441,44050501,"[1, 0]",1.3690965796196424
1442,44050605,[0],1.3438509644364074
1443,44060101,"[1, 2, 0]",1.385217479556798
1444,44060110,"[1, 0]",1.2695514223194748
1445,44060201,"[1, 2, 0]",1.3447705882352943
1446,44060202,"[1, 0]",1.5527341389728095
1447,44060307,"[1, 0]",1.3615199721906206
1448,44060401,"[2, 0, 1]",1.4023901704545456
1449,44060406,"[2, 1, 0]",1.353396979196352
1450,44060601,"[1, 0]",1.3741400614606418
1451,45020000,"[0, 0, 0, 2, 1]",1.3467915883438912
1452,45030000,"[1, 2, 0]",1.3388415135706284
1453,45040101,"[1, 1, 0, 1, 2]",1.308608289204098
1454,45040201,"[1, 1, 2, 1, 0]",1.3402492687572811
1455,45050000,"[0, 1, 2, 0]",1.3512784712315737
1456,45060000,"[0, 0, 0, 0, 0, 1, 0, 2]",1.3305038852886835
1457,45070000,"[0, 0, 0, 2, 1]",1.3856907271010386
1458,45080101,"[0, 2, 1, 0, 0]",1.3773497653514994
1459,45080201,"[0, 2, 1]",1.3295828748345626
1460,46010000,"[1, 0, 2, 0, 0, 0, 0]",1.3625422106407077
1461,46030000,"[1, 0, 2, 2]",1.3461390497117474
1462,46050101,"[1, 1, 1, 2, 1, 0, 0, 1]",1.3552562108985033
1463,46050301,"[1, 0]",1.3840050380844342
1464,46060101,"[0, 1, 0, 2]",1.3008723654229564
1465,46060201,"[1, 1, 2, 0]",1.3655561123730207
1466,46070000,"[2, 0, 0, 1, 0]",1.3497516624232675
1467,46090101,"[2, 0, 0, 0, 1]",1.315795250260195
1468,46090201,"[0, 1, 0, 0, 0, 2]",1.304426825802785
1469,46100101,"[0, 1, 1, 2]",1.358051988117721
1470,46110101,"[2, 0, 1, 0, 0]",1.28398302425107
1471,46110201,"[2, 0, 0, 0, 1]",1.3467303180731753
1472,46110301,"[0, 1, 2, 2, 2]",1.352118117791643
1473,46120000,"[1, 2, 1, 1, 0, 1, 1, 1]",1.3323353678620795
1474,47010000,"[0, 0, 2, 0, 1, 0]",1.3521048119829786
1475,47030101,"[1, 0, 0, 2, 0, 0, 0]",1.3232586308021534
1476,47030201,"[1, 0, 1, 2, 1, 1]",1.331626834120239
1477,47040000,"[0, 1, 0, 0, 2]",1.3306221257619784
1478,47050000,"[1, 0, 2, 0, 0, 0]",1.3499567138121578
1479,47060000,"[2, 1, 1, 2, 2, 2, 0]",1.3279249762920817
1480,47070000,"[1, 1, 2, 1, 1, 0, 1, 1]",1.3300457272547161
1481,48010000,"[2, 0, 2, 2, 1]",1.2981078520688354
1482,48020000,"[2, 2, 2, 0, 2, 2, 1]",1.3132837066035496
1483,48030000,"[2, 1, 1, 1, 0, 0]",1.3432017579206885
1484,48040000,"[0, 2, 0, 1, 0]",1.354103390306596
1485,48050101,"[0, 2, 1, 2, 2, 2]",1.3200838609179484
1486,48050201,"[0, 1, 2, 0]",1.328680571311527
1487,48060101,"[0, 2, 2, 0, 1]",1.3246896955428022
1488,48060201,"[2, 2, 0, 1, 2]",1.3792623070576842
1489,48070000,"[0, 0, 2, 1, 0]",1.3393639717388373
1490,48080000,"[0, 0, 2, 1, 0]",1.3407838534655416
1491,49010101,"[0, 0, 0, 0, 0, 1, 0, 2, 0, 0]",1.3308437331199106
1492,49020101,"[0, 0, 1, 2, 0]",1.3117478283738595
1493,49020201,"[2, 2, 1, 0]",1.3448192010146844
1494,49020301,"[0, 1, 2]",1.3860161752570346
1495,49030101,[0],1.3707489260686312
1496,49040000,"[0, 0, 0, 0, 0, 2, 0, 0, 0, 0, 1]",1.3421799013635347
1497,49050101,"[1, 0]",1.3717356858204959
1498,49050301,"[2, 0, 1, 0]",1.34792078659612
1499,49060101,"[1, 0]",1.339024225914981
1500,49060401,"[0, 2, 1]",1.3406074131360792
1501,49070000,"[2, 2, 2, 2, 0, 1]",1.358608043165185
1502,49080101,"[0, 0, 0, 1, 1, 0, 0, 2]",1.3195053107752839
1503,49080201,"[0, 0, 0, 2, 1, 0]",1.3174805180538087
1504,49090101,"[0, 2, 0, 1]",1.319101275878329
1505,49090301,"[0, 2, 1, 0]",1.368919255319149
1506,49100101,"[0, 1, 2]",1.331033689399227
1507,49110101,"[2, 1, 0, 2]",1.3655457556690953
1508,49120201,"[2, 0, 1]",1.3187104439385318
1509,49130201,"[1, 0, 2, 0]",1.3986266557857887
1510,50010101,"[2, 2, 0, 1, 0]",1.3750315087190368
1511,50020000,"[2, 0, 2, 2, 1, 2]",1.3302242081173303
1512,50030101,"[0, 0, 2, 1, 0, 0]",1.337513258090872
1513,50030201,"[2, 2, 0, 2, 2, 1]",1.4151581342434585
1514,50030301,"[2, 0, 2, 1, 2]",1.3035914466836975
1515,50040101,"[0, 0, 0, 2, 0, 1, 0]",1.3671839995794837
1516,50040201,"[1, 0, 2]",1.348187006802721
1517,50050101,"[0, 2, 2, 1, 2, 1, 2]",1.3253706474034201
1518,50050201,"[2, 0, 1, 1]",1.1816352833638024
1519,50050301,"[0, 0, 0, 1, 0, 2, 0]",1.3183193343898574
1520,51010000,"[1, 0, 0, 2, 2]",1.3234331615723705
1521,51020101,"[0, 1, 1, 2, 1]",1.297881802112744
1522,51020201,"[1, 2, 0]",1.2715216365066877
1523,51030000,"[1, 0]",1.3392205191470785
1524,51040201,"[2, 2, 2, 1, 0]",1.3172502528368022
1525,51050000,"[0, 1, 2]",1.3012883806505953
1526,52010101,"[0, 2, 1]",1.3577991873069895
1527,52010102,"[1, 0, 2]",1.3515668753557197
1528,52010201,"[1, 2, 0]",1.2118080808080807
1529,52060000,"[1, 0]",1.5306878194207836
1530,53010101,"[0, 1, 1, 2]",1.3746964263371895
1531,53010103,"[1, 2, 2, 0]",1.3772179282177435
1532,53010104,"[0, 2, 1, 1]",1.3940103397690706
1533,53010105,"[0, 2, 1]",1.392343259259259
1534,53010106,"[0, 1, 2, 1, 1]",1.388696084077167
1535,53010107,"[0, 1, 2]",1.3700632706162226
1536,53010108,"[2, 0, 1, 1]",1.3534815498154982
1537,53010201,"[1, 0]",1.3951951161688003
1538,53010301,"[0, 1, 0, 2]",1.3885210583664962
1539,53010401,"[1, 0]",1.3819441287878786
1540,53010403,"[2, 0, 1]",1.1647132075471698
1541,53010405,"[2, 0, 1, 0]",1.3673856473594548
1542,53010506,[0],1.6970087920489294
1543,53010601,[0],1.4478898690950484
1544,54010101,"[0, 1]",1.5363821798158168
1545,54010201,"[2, 1, 0, 0]",1.5068293583191368
1546,54010203,"[0, 1, 2]",1.53932430891992
1547,54010204,"[0, 2, 1]",1.5392662654055604
1548,54010206,"[2, 1, 0]",1.6280857966834894
1549,54010301,[0],1.5102128250073035
1550,54020000,[0],1.5898499428897774
1551,55010101,"[2, 1, 0, 0]",1.5405082259185543
1552,55010102,"[2, 1, 0, 1, 1]",1.5853435374149658
1553,55010104,"[1, 0, 1, 1, 2, 1]",1.539902560455192
1554,55010105,"[1, 0, 2]",1.543466571834993
1555,55010201,"[2, 1, 0]",1.5480191964426753
1556,55010202,"[0, 0, 1, 0, 2, 0]",1.6918491076257436
1557,55010207,"[0, 1, 2]",1.5420889768396364
1558,55010301,[0],1.5322860597439545
1559,55010302,"[0, 1]",1.3598349397590361
1560,55010304,"[2, 0, 1]",1.8989105263157893
1561,55010306,"[1, 0]",1.537143180941358
1562,55010401,"[0, 1, 0, 2]",1.5280141531761813
1563,55010404,"[2, 1, 0, 1]",1.6486242138364777
1564,55010406,"[0, 1]",1.5285373130796895
1565,56010101,"[0, 1]",1.4042220801364025
1566,56010104,"[0, 1]",1.4522294060100662
1567,56010201,"[0, 1]",1.393065288853805
1568,56010206,"[0, 1]",1.3921988352225372
1569,56010209,[0],1.5403822681403172
1570,57010101,"[2, 1, 0, 1]",1.3946364548278587
1571,57010201,"[1, 0]",1.3849859768808033
1572,57010301,[0],1.406697127290738
1573,57010402,"[0, 0, 2, 1, 0]",1.3913363688104727
1574,57010403,"[2, 0, 1, 0]",1.3567202836879433
1575,57010404,"[0, 1, 2]",1.3698288141207646
1576,57010405,"[0, 1, 2, 2]",1.3873740903506282
1577,57010406,"[1, 0, 2, 1, 0]",1.408275440591245
1578,57010409,"[0, 1, 2]",1.4107556818181817
1579,57010501,"[2, 1, 0]",1.3799284875842943
1580,57010504,"[1, 0, 2]",1.389943476231072
1581,57010601,[0],1.3952496682778883
1582,57010701,"[2, 0, 1]",1.3942455140985475
1583,57010702,"[2, 2, 2, 0, 2, 1, 2]",1.4129080595790335
1584,57010703,"[2, 0, 1]",1.257276867030965
1585,57010705,"[0, 0, 0, 1, 2]",1.3870775116433798
1586,57010802,[0],1.4237871711148968
1587,57030000,[0],1.65592879963487
1588,58010101,"[0, 1]",1.4877952113252708
1589,58010201,"[1, 0, 2]",1.4685022821118991
1590,58010203,"[1, 0, 2]",1.4998786802991575
1591,58010302,[0],1.5147496433666192
1592,58010303,"[1, 0]",1.5114431107954545
1593,59010101,"[1, 0]",1.515763743844697
1594,59010104,"[0, 1]",1.5254211663066957
1595,59010301,"[1, 0]",1.5634455222258452
1596,59010302,[0],1.4237153057488101
1597,59010309,"[0, 1]",1.7977361495844875
1598,60010101,"[1, 2, 0, 0]",1.7803969727023707
1599,60010102,"[0, 1]",1.7296479810996566
1600,60010103,"[0, 2, 1]",1.5584840906521986
1601,60010105,"[1, 0, 2]",1.5590702004369716
1602,60010107,"[0, 1]",1.56189479550392
1603,60010108,"[1, 0]",1.6051301551267496
1604,60010109,"[0, 1, 2]",1.567541579121711
1605,60010110,"[0, 2, 1, 0]",1.6388064683500518
1606,60010111,"[1, 2, 2, 0, 2]",1.5444889490178928
1607,60010112,"[0, 1, 0, 0, 2, 0]",1.5784982500945897
1608,60030000,[0],1.5261551209103843
1609,61010000,[0],1.5021396697861928
1610,61030000,[0],1.5617014658958075
1611,61040000,[0],1.7518791722296396
1612,61050000,[0],1.4712697744146201
1613,61060000,[0],1.561458577219363
1614,62010101,"[1, 0, 2]",1.527454585930543
1615,62010102,"[1, 0]",1.487402241770715
1616,62010103,"[0, 1]",1.64125145137881
1617,62010105,"[1, 0, 2]",2.004156417112299
1618,62020000,[0],1.6213970789593792
1619,63010001,"[0, 1]",1.4549614580363082
1620,63010002,"[0, 1]",1.5002207965022338
1621,63020002,[0],1.5214214769454733
1622,64010101,"[0, 1]",1.4337917346890667
1623,64010201,"[0, 2, 1, 1]",1.4309189979172583
1624,64010202,"[1, 2, 2, 0]",1.4617157894736843
1625,64010301,"[1, 0, 2]",1.4429063358923324
1626,64010302,"[1, 0, 0, 2]",1.3225404896421848
1627,64020001,[0],1.744046756701453
1628,65010002,"[1, 0]",1.5903166474321986
1629,65010003,"[0, 1]",1.7116625451405245
1630,65030000,[0],1.5690861070911724
1631,65040001,[0],1.5656037268452776
1632,66010001,"[0, 1]",1.5244284924907907
1633,66010002,"[1, 0]",1.498556924715909
1634,67010001,"[0, 1]",1.5976325833095986
1635,67010002,"[0, 1]",1.5842660420215786
1636,67020101,"[2, 2, 0, 0, 1]",1.5288769280966332
1637,67020102,"[0, 1, 2]",1.5247117078715544
1638,67020103,"[1, 0, 0, 2]",1.517893444697545
1639,67020104,"[2, 1, 0, 0]",1.5070036495775005
1640,67020105,"[0, 2, 1]",1.555228879969419
1641,67020109,"[1, 2, 1, 1, 0]",1.4933340941512123
1642,67020111,"[1, 0]",1.5406361158921398
1643,67020301,"[1, 0]",1.5295561965811966
1644,68010001,"[1, 2, 0]",1.5422658824868472
1645,68010002,"[0, 1]",1.5620018683423222
1646,68010003,"[1, 2, 0]",1.539404288554388
1647,68010004,"[2, 1, 0]",1.5481882992327363
1648,68010006,"[0, 1]",1.5408940513403426
1649,69010201,"[2, 1, 0]",1.4150898823082765
1650,69010203,"[0, 1]",1.4293588755707762
1651,69010301,"[1, 0]",1.42177216463126
1652,69010401,"[2, 0, 1]",1.4078009827717495
1653,69010402,"[0, 1]",1.4122235160465777
1654,69010501,"[2, 1, 0, 0]",1.4492850332451
1655,69010601,"[0, 2, 1, 2, 2]",1.4372781012338665
1656,69010602,"[0, 2, 1, 1]",1.4437646884272997
1657,69010701,"[1, 2, 0]",1.4187245901639345
1658,69010702,"[0, 1]",1.5090536858974362
1659,69010704,"[1, 0]",1.4276880329314905
1660,69010707,"[0, 2, 1]",1.4202929609575377
1661,69010801,"[1, 0, 2]",1.4360754662840747
1662,69010802,"[0, 1, 2, 0]",1.4221261106334193
1663,69010804,"[0, 1, 2]",1.4085229485976434
1664,69010901,[0],1.447235270109825
1665,69010902,[0],1.3994677966101694
1666,69011001,"[0, 1, 2, 1, 1]",1.4534081818612137
1667,69011003,"[1, 1, 0, 2]",1.4176557583385778
1668,69011004,"[1, 2, 0, 1, 1]",1.3580447570332483
1669,69011005,"[0, 1, 2]",1.3411030042918453
1670,69011006,"[0, 1, 0, 2, 0, 0]",1.4517086763175324
1671,69020000,[0],1.5485278255880666
1672,69030000,[0],1.4589033409480296
1673,69040001,[0],1.5459315758293835
1674,69050000,[0],1.3656406685236773
1675,70010101,"[1, 0]",1.5158826935467158
1676,70010207,"[0, 1]",1.6657559523809522
1677,71010102,"[1, 0, 2]",1.5154997387669802
1678,71010103,"[0, 1]",1.3897418017249545
1679,71010104,"[2, 1, 0]",1.4322015393386547
1680,71010105,"[1, 2, 0, 0]",1.41150844315586
1681,71010201,"[0, 1]",1.3796165007112375
1682,71010203,"[0, 1]",1.4218228603923797
1683,71010301,"[1, 0]",1.4221044538079932
1684,71010302,"[1, 0, 2, 0]",1.4208299677664014
1685,71010402,[0],1.6249710424710424
1686,71010501,"[0, 1, 1, 2, 1]",1.4508302987197723
1687,71020103,"[0, 1, 2]",1.3705225806451613
1688,71020106,"[0, 1]",1.3914914578587698
1689,71020109,"[0, 1, 2, 0]",1.4121166002277903
1690,71020110,"[1, 0, 1, 1, 2]",1.4304731746481532
1691,71020112,"[1, 0, 2]",1.1846561338289963
1692,71020114,"[1, 0, 2, 0]",1.4034696360713244
1693,71020201,"[0, 0, 0, 0, 0, 1, 2]",1.4049008987626193
1694,71020202,"[0, 0, 1, 2, 0]",1.2536970212765959
1695,71020301,"[1, 0, 2]",1.2515528942115768
1696,71020305,"[0, 2, 2, 1]",1.4524251207729466
1697,71020306,"[2, 1, 0]",1.4225004992867334
1698,71020308,"[2, 0, 0, 0, 0, 1]",1.4571091290661073
1699,71020311,"[1, 0, 2, 0, 0, 2]",1.3662013649425289
1700,71030001,"[0, 1]",1.2202353636901242
1701,71030014,"[0, 1]",1.8317647058823527
1702,71030016,"[0, 1, 0, 2]",1.4054047139982755
1703,71040101,"[1, 0, 2]",1.4029053051911007
1704,71040105,"[2, 1, 0]",1.5504042437431993
1705,71040113,"[0, 1]",1.4630219373219375
1706,71040206,[0],1.4978851100314376
1707,71040301,"[1, 0, 0, 2]",1.4356167947258585
1708,71040305,"[2, 0, 2, 0, 1]",1.5181801356589149
1709,71040306,"[0, 1, 2]",1.4676023958927549
1710,71040307,"[1, 2, 0, 0]",1.4182728486929974
1711,71040401,"[0, 1, 0, 0, 0, 0, 2]",1.4137984523809524
1712,71050101,"[2, 0, 0, 1]",1.413968808932793
1713,71050102,"[1, 0, 2]",1.4435742419948994
1714,71050104,"[0, 2, 1, 0]",1.3883631173280044
1715,71050105,"[0, 1, 2]",1.4349389185580774
1716,71050201,"[1, 2, 0]",1.4359440574353142
1717,71050301,"[0, 1]",1.3960404375260245
1718,71060101,[0],1.4063669250645996
1719,71060201,"[1, 0, 2]",1.427960028005243
1720,71060202,"[2, 1, 0]",1.247657334826428
1721,71060203,"[0, 1, 2]",1.3884999999999998
1722,71060204,"[0, 1, 2]",1.439632183908046
1723,71060214,"[1, 0, 2, 1, 2]",1.5030061349693251
1724,71060301,"[2, 1, 0]",1.4121936808846764
1725,71060302,"[1, 0, 2, 1]",1.3858370770543078
1726,71070101,"[0, 2, 0, 0, 1, 0]",1.4098471682070575
1727,71070102,"[0, 2, 1, 0]",1.3156284464727137
1728,71070103,"[0, 2, 1]",1.4732772869763464
1729,71070104,"[2, 2, 1, 0, 2]",1.478084789311408
1730,71070105,"[1, 0, 2]",1.4256649528706087
1731,71070110,"[1, 2, 0, 1]",1.4058521103356596
1732,71070201,"[0, 2, 1, 1, 1]",1.4163390992786635
1733,71070203,"[0, 1, 2, 0, 0]",1.4316910849372786
1734,71070301,"[1, 0]",1.3938681115845957
1735,71070311,"[1, 0]",1.3967708576429403
1736,71080101,"[1, 2, 0]",1.6727175951025572
1737,71080102,"[0, 1]",1.3371547566856643
1738,71080103,"[2, 1, 0]",1.4142871163420936
1739,71080201,[0],1.4185179640718564
1740,71080301,"[1, 0, 2]",1.4517471051632498
1741,71080303,"[0, 1, 1, 2, 1]",1.437882470119522
1742,71080401,"[2, 1, 0]",1.4195912159011836
1743,71080403,"[0, 2, 1]",1.4521966324200914
1744,71080406,"[2, 0, 2, 1]",1.3988006829115591
1745,72010101,"[2, 0, 1]",1.4094881357108306
1746,72010103,"[0, 1]",1.377443465045593
1747,72010108,"[1, 0, 2]",1.4106472293508223
1748,72010201,"[1, 2, 0]",1.4430727091633468
1749,72010301,[0],1.401771847423854
1750,72020101,"[0, 2, 1]",1.398837220231046
1751,72020103,"[1, 0]",1.3950635472877022
1752,72020107,"[0, 1, 2]",1.395291940665155
1753,72020202,[0],1.3963462926041963
1754,72020204,"[1, 0]",1.4032694285714287
1755,72030001,"[1, 2, 0]",1.3874639756944445
1756,72030002,"[1, 0]",1.4016926797807157
1757,72030004,"[1, 0]",1.4077708842763719
1758,72030007,"[0, 2, 1]",1.4999434137982417
1759,72040101,"[0, 1]",1.4478739497189343
1760,72040102,"[0, 1]",1.589872772630078
1761,72040109,[0],1.4182587795233514
1762,72040111,"[1, 0]",1.4529146029035012
1763,72040112,"[0, 1]",1.5898878127522196
1764,72040203,[0],1.4258884289375122
1765,72040301,"[0, 1]",1.4321016593900278
1766,72040302,"[1, 0]",1.4549282255767588
1767,73010101,"[0, 1, 0, 2, 0, 0]",1.403054301385714
1768,73010102,"[0, 1, 2, 1]",1.4107477029156816
1769,73010107,"[0, 1, 2]",1.385502605647148
1770,73010112,"[0, 1]",1.4579257907542578
1771,73010201,"[2, 0, 1, 1]",1.4314075235109718
1772,73010207,"[1, 0]",1.555872931833223
1773,73010210,"[0, 1]",1.3043230240549828
1774,73010301,"[1, 0]",1.4193317703893151
1775,73010302,"[0, 1]",1.4068906799809795
1776,73010303,"[1, 0, 2]",1.395222033898305
1777,73010401,"[0, 1]",1.344491919844861
1778,73010404,"[0, 1, 2, 0]",1.4036031045286244
1779,73010411,"[2, 0, 1]",11.992899956312801
1780,73020102,"[1, 0]",1.4089502730669734
1781,73020103,"[1, 0]",1.4232755950673932
1782,73020104,"[1, 1, 0, 2]",1.3169294990723563
1783,73020108,"[2, 0, 1]",1.4263138110221203
1784,73020109,"[0, 1]",1.4142571983748455
1785,73020114,"[2, 1, 0]",1.4114386290169236
1786,73020202,"[1, 2, 0, 0]",1.4693895531780992
1787,73020204,"[0, 2, 0, 1]",1.4511532075471698
1788,73020205,"[0, 1, 0, 2, 1]",1.4934045412418906
1789,73020206,"[2, 0, 1, 2, 0]",1.5735508233957975
1790,73030101,"[1, 0]",1.4174788901493665
1791,73030102,"[0, 1]",1.4003578528827036
1792,73030201,[0],1.4060915883859948
1793,73030208,[0],1.3981339412938159
1794,73040000,"[0, 2, 0, 1]",1.4532626384549845
1795,73050101,"[2, 1, 0]",1.4242991816178785
1796,73050102,"[2, 0, 1]",1.4147415197443036
1797,73050108,"[0, 2, 0, 1]",1.4249229854296759
1798,73050301,"[2, 1, 0]",1.406829061059908
1799,73050304,[0],1.3650699331848555
1800,73050311,"[2, 1, 0]",1.4376323430439384
1801,74010101,"[1, 2, 0, 2, 0, 0, 0]",1.4047950621924838
1802,74010201,"[1, 0]",1.4362809831875794
1803,74010202,"[1, 0, 0, 2]",1.399216084076393
1804,74010301,"[1, 0, 2]",1.4082656442298591
1805,74010302,"[1, 0, 2, 2]",1.4566551724137928
1806,74010401,"[1, 2, 0]",1.3948875508851653
1807,74010402,"[1, 1, 0, 2, 1, 0]",1.3585783166904422
1808,74010403,"[2, 2, 0, 1]",1.385623384644622
1809,74010404,"[1, 0]",1.439132982256381
1810,74010601,"[1, 0, 2, 2]",1.3976740188655434
1811,74010602,"[0, 1, 2]",1.2807840713053475
1812,74010603,"[0, 2, 1, 0]",1.3742882951653943
1813,74010701,"[0, 1, 1, 2]",1.3732608385328036
1814,74020101,"[0, 1]",1.4288502481565513
1815,74020201,"[2, 1, 2, 1, 0]",1.5678257737697618
1816,74020202,"[0, 1, 0, 2]",1.3876474434035908
1817,74020205,"[1, 2, 1, 0]",1.22290625
1818,74020207,"[2, 0, 1]",1.3073527987082887
1819,74020401,"[2, 2, 0, 1]",1.4110764408099687
1820,74020601,"[1, 0]",1.427099135063207
1821,74040101,[0],1.2783716256843574
1822,74040201,[0],1.4330626878488621
1823,74050101,"[1, 0]",1.4110424622399544
1824,74050102,"[0, 2, 1]",1.301727486066295
1825,74050107,"[0, 1]",1.4235764391090542
1826,74050302,[0],1.3968309395146001
1827,74050303,[0],1.4031530117042534
1828,74060101,"[0, 1, 2]",1.4342766489988221
1829,74060105,"[0, 2, 1]",1.4270589698872225
1830,74060107,"[0, 1]",1.4102806292177548
1831,74060112,"[2, 1, 1, 0]",1.4138906871095969
1832,74060201,[0],1.3348795703839123
1833,74060207,"[1, 0]",1.7636909722222223
1834,74060301,"[2, 1, 0]",1.3943140952652053
1835,74060310,"[0, 1]",1.76061797752809
1836,74060311,"[0, 2, 1]",1.6141791443850266
1837,74060401,"[0, 2, 1]",1.3515877862595422
1838,74060410,"[1, 0]",1.4022754768004553
1839,74070001,"[0, 1]",1.4160800081849805
1840,74070005,"[0, 2, 1]",1.3954844319311033
